method,threshold,tpr_abstain,fpr_abstain,precision_abstain,recall_abstain,coverage,false_answer_rate,split
top1_score,0.000232,0.0,0.0,0.0,0.0,1.0,1.0,development
top1_score,0.000232,0.0,0.0,0.0,0.0,1.0,1.0,development
top1_score,0.000413,0.02,0.0,1.0,0.02,1.0,0.98,development
top1_score,0.000865,0.04,0.0,1.0,0.04,1.0,0.96,development
top1_score,0.001085,0.06,0.0,1.0,0.06,1.0,0.94,development
top1_score,0.001436,0.08,0.0,1.0,0.08,1.0,0.92,development
top1_score,0.001511,0.08,0.006666666666666667,0.8,0.08,0.9933333333333333,0.92,development
top1_score,0.003076,0.1,0.006666666666666667,0.8333333333333334,0.1,0.9933333333333333,0.9,development
top1_score,0.00333,0.1,0.013333333333333334,0.7142857142857143,0.1,0.9866666666666667,0.9,development
top1_score,0.003622,0.1,0.02,0.625,0.1,0.98,0.9,development
top1_score,0.005153,0.1,0.02666666666666667,0.5555555555555556,0.1,0.9733333333333334,0.9,development
top1_score,0.005357,0.12,0.02666666666666667,0.6,0.12,0.9733333333333334,0.88,development
top1_score,0.008297,0.14,0.02666666666666667,0.6363636363636364,0.14,0.9733333333333334,0.86,development
top1_score,0.009097,0.16,0.02666666666666667,0.6666666666666666,0.16,0.9733333333333334,0.84,development
top1_score,0.009315,0.16,0.03333333333333333,0.6153846153846154,0.16,0.9666666666666667,0.84,development
top1_score,0.009796,0.18,0.03333333333333333,0.6428571428571429,0.18,0.9666666666666667,0.82,development
top1_score,0.010738,0.18,0.04,0.6,0.18,0.96,0.82,development
top1_score,0.011171,0.2,0.04,0.625,0.2,0.96,0.8,development
top1_score,0.011211,0.22,0.04,0.6470588235294118,0.22,0.96,0.78,development
top1_score,0.011591,0.24,0.04,0.6666666666666666,0.24,0.96,0.76,development
top1_score,0.011781,0.24,0.04666666666666667,0.631578947368421,0.24,0.9533333333333334,0.76,development
top1_score,0.012253,0.26,0.04666666666666667,0.65,0.26,0.9533333333333334,0.74,development
top1_score,0.012401,0.28,0.04666666666666667,0.6666666666666666,0.28,0.9533333333333334,0.72,development
top1_score,0.012504,0.28,0.05333333333333334,0.6363636363636364,0.28,0.9466666666666667,0.72,development
top1_score,0.013049,0.28,0.06,0.6086956521739131,0.28,0.94,0.72,development
top1_score,0.014398,0.3,0.06,0.625,0.3,0.94,0.7,development
top1_score,0.015191,0.32,0.06,0.64,0.32,0.94,0.68,development
top1_score,0.016598,0.34,0.06,0.6538461538461539,0.34,0.94,0.66,development
top1_score,0.017619,0.36,0.06,0.6666666666666666,0.36,0.94,0.64,development
top1_score,0.021477,0.38,0.06,0.6785714285714286,0.38,0.94,0.62,development
top1_score,0.021735,0.4,0.06,0.6896551724137931,0.4,0.94,0.6,development
top1_score,0.023425,0.42,0.06,0.7,0.42,0.94,0.58,development
top1_score,0.024437,0.44,0.06,0.7096774193548387,0.44,0.94,0.56,development
top1_score,0.024641,0.46,0.06,0.71875,0.46,0.94,0.54,development
top1_score,0.026362,0.48,0.06,0.7272727272727273,0.48,0.94,0.52,development
top1_score,0.02649,0.5,0.06,0.7352941176470589,0.5,0.94,0.5,development
top1_score,0.026936,0.52,0.06,0.7428571428571429,0.52,0.94,0.48,development
top1_score,0.029718,0.54,0.06,0.75,0.54,0.94,0.46,development
top1_score,0.031803,0.56,0.06,0.7567567567567568,0.56,0.94,0.44,development
top1_score,0.03193,0.58,0.06,0.7631578947368421,0.58,0.94,0.42,development
top1_score,0.032132,0.6,0.06,0.7692307692307693,0.6,0.94,0.4,development
top1_score,0.034786,0.62,0.06,0.775,0.62,0.94,0.38,development
top1_score,0.041964,0.64,0.06,0.7804878048780488,0.64,0.94,0.36,development
top1_score,0.041993,0.64,0.06666666666666667,0.7619047619047619,0.64,0.9333333333333333,0.36,development
top1_score,0.042819,0.64,0.07333333333333333,0.7441860465116279,0.64,0.9266666666666666,0.36,development
top1_score,0.04405,0.66,0.07333333333333333,0.75,0.66,0.9266666666666666,0.34,development
top1_score,0.044381,0.66,0.08,0.7333333333333333,0.66,0.92,0.34,development
top1_score,0.052191,0.68,0.08,0.7391304347826086,0.68,0.92,0.32,development
top1_score,0.05619,0.68,0.08666666666666667,0.723404255319149,0.68,0.9133333333333333,0.32,development
top1_score,0.05771,0.68,0.09333333333333334,0.7083333333333334,0.68,0.9066666666666666,0.32,development
top1_score,0.060677,0.68,0.1,0.6938775510204082,0.68,0.9,0.32,development
top1_score,0.060759,0.68,0.10666666666666667,0.68,0.68,0.8933333333333333,0.32,development
top1_score,0.062831,0.7,0.10666666666666667,0.6862745098039216,0.7,0.8933333333333333,0.3,development
top1_score,0.064788,0.72,0.10666666666666667,0.6923076923076923,0.72,0.8933333333333333,0.28,development
top1_score,0.067005,0.74,0.10666666666666667,0.6981132075471698,0.74,0.8933333333333333,0.26,development
top1_score,0.069921,0.74,0.11333333333333333,0.6851851851851852,0.74,0.8866666666666667,0.26,development
top1_score,0.071633,0.74,0.12,0.6727272727272727,0.74,0.88,0.26,development
top1_score,0.072322,0.76,0.12,0.6785714285714286,0.76,0.88,0.24,development
top1_score,0.074114,0.76,0.12666666666666668,0.6666666666666666,0.76,0.8733333333333333,0.24,development
top1_score,0.078651,0.78,0.12666666666666668,0.6724137931034483,0.78,0.8733333333333333,0.22,development
top1_score,0.08005,0.8,0.12666666666666668,0.6779661016949152,0.8,0.8733333333333333,0.2,development
top1_score,0.084852,0.8,0.13333333333333333,0.6666666666666666,0.8,0.8666666666666667,0.2,development
top1_score,0.106939,0.8,0.14,0.6557377049180327,0.8,0.86,0.2,development
top1_score,0.109365,0.8,0.14666666666666667,0.6451612903225806,0.8,0.8533333333333334,0.2,development
top1_score,0.118217,0.8,0.15333333333333332,0.6349206349206349,0.8,0.8466666666666667,0.2,development
top1_score,0.133938,0.8,0.16,0.625,0.8,0.84,0.2,development
top1_score,0.13764,0.82,0.16,0.6307692307692307,0.82,0.84,0.18,development
top1_score,0.142402,0.82,0.16666666666666666,0.6212121212121212,0.82,0.8333333333333334,0.18,development
top1_score,0.15214,0.82,0.17333333333333334,0.6119402985074627,0.82,0.8266666666666667,0.18,development
top1_score,0.162397,0.82,0.18,0.6029411764705882,0.82,0.82,0.18,development
top1_score,0.162607,0.82,0.18666666666666668,0.5942028985507246,0.82,0.8133333333333334,0.18,development
top1_score,0.162994,0.82,0.19333333333333333,0.5857142857142857,0.82,0.8066666666666666,0.18,development
top1_score,0.168551,0.82,0.2,0.5774647887323944,0.82,0.8,0.18,development
top1_score,0.169419,0.84,0.2,0.5833333333333334,0.84,0.8,0.16,development
top1_score,0.17172,0.86,0.20666666666666667,0.581081081081081,0.86,0.7933333333333333,0.14,development
top1_score,0.180323,0.86,0.21333333333333335,0.5733333333333334,0.86,0.7866666666666666,0.14,development
top1_score,0.182025,0.86,0.22,0.5657894736842105,0.86,0.78,0.14,development
top1_score,0.186582,0.86,0.22666666666666666,0.5584415584415584,0.86,0.7733333333333333,0.14,development
top1_score,0.19667,0.86,0.23333333333333334,0.5512820512820513,0.86,0.7666666666666667,0.14,development
top1_score,0.197246,0.86,0.24,0.5443037974683544,0.86,0.76,0.14,development
top1_score,0.197638,0.86,0.24666666666666667,0.5375,0.86,0.7533333333333333,0.14,development
top1_score,0.210783,0.86,0.25333333333333335,0.5308641975308642,0.86,0.7466666666666667,0.14,development
top1_score,0.21147,0.88,0.25333333333333335,0.5365853658536586,0.88,0.7466666666666667,0.12,development
top1_score,0.227188,0.88,0.26,0.5301204819277109,0.88,0.74,0.12,development
top1_score,0.244049,0.88,0.26666666666666666,0.5238095238095238,0.88,0.7333333333333333,0.12,development
top1_score,0.252569,0.9,0.26666666666666666,0.5294117647058824,0.9,0.7333333333333333,0.1,development
top1_score,0.267995,0.9,0.2733333333333333,0.5232558139534884,0.9,0.7266666666666667,0.1,development
top1_score,0.26834,0.9,0.28,0.5172413793103449,0.9,0.72,0.1,development
top1_score,0.271437,0.9,0.2866666666666667,0.5113636363636364,0.9,0.7133333333333334,0.1,development
top1_score,0.30206,0.9,0.29333333333333333,0.5056179775280899,0.9,0.7066666666666667,0.1,development
top1_score,0.314991,0.9,0.3,0.5,0.9,0.7,0.1,development
top1_score,0.327444,0.9,0.30666666666666664,0.4945054945054945,0.9,0.6933333333333334,0.1,development
top1_score,0.334467,0.9,0.31333333333333335,0.4891304347826087,0.9,0.6866666666666666,0.1,development
top1_score,0.342078,0.92,0.31333333333333335,0.4946236559139785,0.92,0.6866666666666666,0.08,development
top1_score,0.344227,0.92,0.32,0.48936170212765956,0.92,0.68,0.08,development
top1_score,0.352326,0.92,0.32666666666666666,0.4842105263157895,0.92,0.6733333333333333,0.08,development
top1_score,0.352425,0.92,0.3333333333333333,0.4791666666666667,0.92,0.6666666666666666,0.08,development
top1_score,0.369605,0.92,0.34,0.4742268041237113,0.92,0.66,0.08,development
top1_score,0.375596,0.92,0.3466666666666667,0.46938775510204084,0.92,0.6533333333333333,0.08,development
top1_score,0.387264,0.92,0.35333333333333333,0.46464646464646464,0.92,0.6466666666666666,0.08,development
top1_score,0.407033,0.92,0.36,0.46,0.92,0.64,0.08,development
top1_score,0.414782,0.92,0.36666666666666664,0.45544554455445546,0.92,0.6333333333333333,0.08,development
top1_score,0.41875,0.92,0.37333333333333335,0.45098039215686275,0.92,0.6266666666666667,0.08,development
top1_score,0.420399,0.92,0.38,0.44660194174757284,0.92,0.62,0.08,development
top1_score,0.432164,0.92,0.38666666666666666,0.4423076923076923,0.92,0.6133333333333333,0.08,development
top1_score,0.466784,0.92,0.3933333333333333,0.4380952380952381,0.92,0.6066666666666667,0.08,development
top1_score,0.472531,0.92,0.4,0.4339622641509434,0.92,0.6,0.08,development
top1_score,0.481199,0.92,0.4066666666666667,0.42990654205607476,0.92,0.5933333333333334,0.08,development
top1_score,0.48379,0.94,0.4066666666666667,0.4351851851851852,0.94,0.5933333333333334,0.06,development
top1_score,0.490601,0.94,0.41333333333333333,0.43119266055045874,0.94,0.5866666666666667,0.06,development
top1_score,0.505846,0.94,0.42,0.42727272727272725,0.94,0.58,0.06,development
top1_score,0.509784,0.94,0.4266666666666667,0.42342342342342343,0.94,0.5733333333333334,0.06,development
top1_score,0.510385,0.94,0.43333333333333335,0.41964285714285715,0.94,0.5666666666666667,0.06,development
top1_score,0.512337,0.94,0.44,0.415929203539823,0.94,0.56,0.06,development
top1_score,0.513397,0.96,0.44,0.42105263157894735,0.96,0.56,0.04,development
top1_score,0.514137,0.96,0.44666666666666666,0.41739130434782606,0.96,0.5533333333333333,0.04,development
top1_score,0.515227,0.96,0.4533333333333333,0.41379310344827586,0.96,0.5466666666666666,0.04,development
top1_score,0.524677,0.96,0.46,0.41025641025641024,0.96,0.54,0.04,development
top1_score,0.561762,0.96,0.4666666666666667,0.4067796610169492,0.96,0.5333333333333333,0.04,development
top1_score,0.563348,0.96,0.47333333333333333,0.40336134453781514,0.96,0.5266666666666666,0.04,development
top1_score,0.574775,0.96,0.48,0.4,0.96,0.52,0.04,development
top1_score,0.579951,0.96,0.4866666666666667,0.39669421487603307,0.96,0.5133333333333333,0.04,development
top1_score,0.590101,0.96,0.49333333333333335,0.39344262295081966,0.96,0.5066666666666667,0.04,development
top1_score,0.613737,0.96,0.5,0.3902439024390244,0.96,0.5,0.04,development
top1_score,0.615421,0.96,0.5066666666666667,0.3870967741935484,0.96,0.49333333333333335,0.04,development
top1_score,0.617465,0.96,0.5133333333333333,0.384,0.96,0.4866666666666667,0.04,development
top1_score,0.630863,0.96,0.52,0.38095238095238093,0.96,0.48,0.04,development
top1_score,0.667246,0.96,0.5266666666666666,0.3779527559055118,0.96,0.47333333333333333,0.04,development
top1_score,0.674237,0.96,0.5333333333333333,0.375,0.96,0.4666666666666667,0.04,development
top1_score,0.684315,0.96,0.54,0.37209302325581395,0.96,0.46,0.04,development
top1_score,0.691078,0.96,0.5466666666666666,0.36923076923076925,0.96,0.4533333333333333,0.04,development
top1_score,0.704165,0.96,0.5533333333333333,0.366412213740458,0.96,0.44666666666666666,0.04,development
top1_score,0.716838,0.96,0.56,0.36363636363636365,0.96,0.44,0.04,development
top1_score,0.754426,0.96,0.5666666666666667,0.3609022556390977,0.96,0.43333333333333335,0.04,development
top1_score,0.760237,0.96,0.5733333333333334,0.3582089552238806,0.96,0.4266666666666667,0.04,development
top1_score,0.774806,0.98,0.5733333333333334,0.362962962962963,0.98,0.4266666666666667,0.02,development
top1_score,0.777962,0.98,0.58,0.3602941176470588,0.98,0.42,0.02,development
top1_score,0.783315,0.98,0.5866666666666667,0.35766423357664234,0.98,0.41333333333333333,0.02,development
top1_score,0.791623,0.98,0.5933333333333334,0.35507246376811596,0.98,0.4066666666666667,0.02,development
top1_score,0.79676,0.98,0.6,0.35251798561151076,0.98,0.4,0.02,development
top1_score,0.802223,0.98,0.6066666666666667,0.35,0.98,0.3933333333333333,0.02,development
top1_score,0.821943,0.98,0.6133333333333333,0.3475177304964539,0.98,0.38666666666666666,0.02,development
top1_score,0.825672,0.98,0.62,0.34507042253521125,0.98,0.38,0.02,development
top1_score,0.828871,0.98,0.6266666666666667,0.34265734265734266,0.98,0.37333333333333335,0.02,development
top1_score,0.83108,0.98,0.6333333333333333,0.3402777777777778,0.98,0.36666666666666664,0.02,development
top1_score,0.832164,0.98,0.64,0.33793103448275863,0.98,0.36,0.02,development
top1_score,0.844475,0.98,0.6466666666666666,0.3356164383561644,0.98,0.35333333333333333,0.02,development
top1_score,0.848785,0.98,0.6533333333333333,0.3333333333333333,0.98,0.3466666666666667,0.02,development
top1_score,0.850805,0.98,0.66,0.3310810810810811,0.98,0.34,0.02,development
top1_score,0.861358,0.98,0.6666666666666666,0.3288590604026846,0.98,0.3333333333333333,0.02,development
top1_score,0.864645,0.98,0.6733333333333333,0.32666666666666666,0.98,0.32666666666666666,0.02,development
top1_score,0.868408,0.98,0.68,0.32450331125827814,0.98,0.32,0.02,development
top1_score,0.868444,0.98,0.6866666666666666,0.3223684210526316,0.98,0.31333333333333335,0.02,development
top1_score,0.889663,0.98,0.6933333333333334,0.3202614379084967,0.98,0.30666666666666664,0.02,development
top1_score,0.889966,0.98,0.7,0.3181818181818182,0.98,0.3,0.02,development
top1_score,0.895346,0.98,0.7066666666666667,0.3161290322580645,0.98,0.29333333333333333,0.02,development
top1_score,0.896956,0.98,0.7133333333333334,0.3141025641025641,0.98,0.2866666666666667,0.02,development
top1_score,0.903257,0.98,0.72,0.31210191082802546,0.98,0.28,0.02,development
top1_score,0.914389,0.98,0.7266666666666667,0.310126582278481,0.98,0.2733333333333333,0.02,development
top1_score,0.915896,0.98,0.7333333333333333,0.3081761006289308,0.98,0.26666666666666666,0.02,development
top1_score,0.918775,0.98,0.74,0.30625,0.98,0.26,0.02,development
top1_score,0.918933,0.98,0.7466666666666667,0.30434782608695654,0.98,0.25333333333333335,0.02,development
top1_score,0.920773,0.98,0.7533333333333333,0.30246913580246915,0.98,0.24666666666666667,0.02,development
top1_score,0.925338,0.98,0.76,0.3006134969325153,0.98,0.24,0.02,development
top1_score,0.925553,0.98,0.7666666666666667,0.29878048780487804,0.98,0.23333333333333334,0.02,development
top1_score,0.930026,0.98,0.7733333333333333,0.296969696969697,0.98,0.22666666666666666,0.02,development
top1_score,0.935246,0.98,0.78,0.29518072289156627,0.98,0.22,0.02,development
top1_score,0.93744,0.98,0.7866666666666666,0.2934131736526946,0.98,0.21333333333333335,0.02,development
top1_score,0.940259,0.98,0.7933333333333333,0.2916666666666667,0.98,0.20666666666666667,0.02,development
top1_score,0.946012,0.98,0.8,0.28994082840236685,0.98,0.2,0.02,development
top1_score,0.946753,0.98,0.8066666666666666,0.28823529411764703,0.98,0.19333333333333333,0.02,development
top1_score,0.948359,0.98,0.8133333333333334,0.28654970760233917,0.98,0.18666666666666668,0.02,development
top1_score,0.948857,0.98,0.82,0.28488372093023256,0.98,0.18,0.02,development
top1_score,0.954694,0.98,0.8266666666666667,0.2832369942196532,0.98,0.17333333333333334,0.02,development
top1_score,0.956983,0.98,0.8333333333333334,0.28160919540229884,0.98,0.16666666666666666,0.02,development
top1_score,0.959211,0.98,0.84,0.28,0.98,0.16,0.02,development
top1_score,0.960015,0.98,0.8466666666666667,0.2784090909090909,0.98,0.15333333333333332,0.02,development
top1_score,0.962214,0.98,0.8533333333333334,0.2768361581920904,0.98,0.14666666666666667,0.02,development
top1_score,0.962633,0.98,0.86,0.2752808988764045,0.98,0.14,0.02,development
top1_score,0.965052,0.98,0.8666666666666667,0.2737430167597765,0.98,0.13333333333333333,0.02,development
top1_score,0.966046,0.98,0.8733333333333333,0.2722222222222222,0.98,0.12666666666666668,0.02,development
top1_score,0.966229,0.98,0.88,0.27071823204419887,0.98,0.12,0.02,development
top1_score,0.968838,0.98,0.8866666666666667,0.2692307692307692,0.98,0.11333333333333333,0.02,development
top1_score,0.969015,0.98,0.8933333333333333,0.2677595628415301,0.98,0.10666666666666667,0.02,development
top1_score,0.969182,0.98,0.9,0.266304347826087,0.98,0.1,0.02,development
top1_score,0.971233,0.98,0.9066666666666666,0.2648648648648649,0.98,0.09333333333333334,0.02,development
top1_score,0.972807,0.98,0.9133333333333333,0.26344086021505375,0.98,0.08666666666666667,0.02,development
top1_score,0.972917,0.98,0.92,0.2620320855614973,0.98,0.08,0.02,development
top1_score,0.973896,0.98,0.9266666666666666,0.26063829787234044,0.98,0.07333333333333333,0.02,development
top1_score,0.975811,0.98,0.9333333333333333,0.25925925925925924,0.98,0.06666666666666667,0.02,development
top1_score,0.979412,0.98,0.94,0.2578947368421053,0.98,0.06,0.02,development
top1_score,0.981219,0.98,0.9466666666666667,0.25654450261780104,0.98,0.05333333333333334,0.02,development
top1_score,0.98257,0.98,0.9533333333333334,0.2552083333333333,0.98,0.04666666666666667,0.02,development
top1_score,0.984785,0.98,0.96,0.2538860103626943,0.98,0.04,0.02,development
top1_score,0.986681,0.98,0.9666666666666667,0.25257731958762886,0.98,0.03333333333333333,0.02,development
top1_score,0.987205,1.0,0.9666666666666667,0.2564102564102564,1.0,0.03333333333333333,0.0,development
top1_score,0.989005,1.0,0.9733333333333334,0.25510204081632654,1.0,0.02666666666666667,0.0,development
top1_score,0.99004,1.0,0.98,0.25380710659898476,1.0,0.02,0.0,development
top1_score,0.992806,1.0,0.9866666666666667,0.25252525252525254,1.0,0.013333333333333334,0.0,development
top1_score,0.993406,1.0,0.9933333333333333,0.25125628140703515,1.0,0.006666666666666667,0.0,development
top1_score,0.993406,1.0,1.0,0.25,1.0,0.0,0.0,development
top1_top2_margin,1e-05,0.0,0.0,0.0,0.0,1.0,1.0,development
top1_top2_margin,1e-05,0.0,0.0,0.0,0.0,1.0,1.0,development
top1_top2_margin,1.3e-05,0.0,0.006666666666666667,0.0,0.0,0.9933333333333333,1.0,development
top1_top2_margin,7.7e-05,0.02,0.006666666666666667,0.5,0.02,0.9933333333333333,0.98,development
top1_top2_margin,9.6e-05,0.04,0.006666666666666667,0.6666666666666666,0.04,0.9933333333333333,0.96,development
top1_top2_margin,0.0004,0.04,0.013333333333333334,0.5,0.04,0.9866666666666667,0.96,development
top1_top2_margin,0.000414,0.06,0.013333333333333334,0.6,0.06,0.9866666666666667,0.94,development
top1_top2_margin,0.000518,0.06,0.02,0.5,0.06,0.98,0.94,development
top1_top2_margin,0.000522,0.08,0.02,0.5714285714285714,0.08,0.98,0.92,development
top1_top2_margin,0.000702,0.08,0.02666666666666667,0.5,0.08,0.9733333333333334,0.92,development
top1_top2_margin,0.000714,0.08,0.03333333333333333,0.4444444444444444,0.08,0.9666666666666667,0.92,development
top1_top2_margin,0.000852,0.1,0.03333333333333333,0.5,0.1,0.9666666666666667,0.9,development
top1_top2_margin,0.001163,0.12,0.03333333333333333,0.5454545454545454,0.12,0.9666666666666667,0.88,development
top1_top2_margin,0.001233,0.14,0.03333333333333333,0.5833333333333334,0.14,0.9666666666666667,0.86,development
top1_top2_margin,0.00134,0.16,0.03333333333333333,0.6153846153846154,0.16,0.9666666666666667,0.84,development
top1_top2_margin,0.001471,0.18,0.03333333333333333,0.6428571428571429,0.18,0.9666666666666667,0.82,development
top1_top2_margin,0.001584,0.2,0.03333333333333333,0.6666666666666666,0.2,0.9666666666666667,0.8,development
top1_top2_margin,0.001768,0.22,0.03333333333333333,0.6875,0.22,0.9666666666666667,0.78,development
top1_top2_margin,0.001989,0.22,0.04,0.6470588235294118,0.22,0.96,0.78,development
top1_top2_margin,0.001994,0.24,0.04,0.6666666666666666,0.24,0.96,0.76,development
top1_top2_margin,0.002153,0.26,0.04,0.6842105263157895,0.26,0.96,0.74,development
top1_top2_margin,0.002448,0.26,0.04666666666666667,0.65,0.26,0.9533333333333334,0.74,development
top1_top2_margin,0.002542,0.28,0.04666666666666667,0.6666666666666666,0.28,0.9533333333333334,0.72,development
top1_top2_margin,0.003135,0.3,0.04666666666666667,0.6818181818181818,0.3,0.9533333333333334,0.7,development
top1_top2_margin,0.00335,0.32,0.04666666666666667,0.6956521739130435,0.32,0.9533333333333334,0.68,development
top1_top2_margin,0.003533,0.34,0.04666666666666667,0.7083333333333334,0.34,0.9533333333333334,0.66,development
top1_top2_margin,0.003821,0.36,0.04666666666666667,0.72,0.36,0.9533333333333334,0.64,development
top1_top2_margin,0.003928,0.38,0.04666666666666667,0.7307692307692307,0.38,0.9533333333333334,0.62,development
top1_top2_margin,0.003937,0.38,0.05333333333333334,0.7037037037037037,0.38,0.9466666666666667,0.62,development
top1_top2_margin,0.004246,0.38,0.06,0.6785714285714286,0.38,0.94,0.62,development
top1_top2_margin,0.004438,0.38,0.06666666666666667,0.6551724137931034,0.38,0.9333333333333333,0.62,development
top1_top2_margin,0.00446,0.4,0.06666666666666667,0.6666666666666666,0.4,0.9333333333333333,0.6,development
top1_top2_margin,0.005258,0.42,0.06666666666666667,0.6774193548387096,0.42,0.9333333333333333,0.58,development
top1_top2_margin,0.005442,0.42,0.07333333333333333,0.65625,0.42,0.9266666666666666,0.58,development
top1_top2_margin,0.005866,0.42,0.08,0.6363636363636364,0.42,0.92,0.58,development
top1_top2_margin,0.005894,0.42,0.08666666666666667,0.6176470588235294,0.42,0.9133333333333333,0.58,development
top1_top2_margin,0.005942,0.44,0.08666666666666667,0.6285714285714286,0.44,0.9133333333333333,0.56,development
top1_top2_margin,0.006291,0.44,0.09333333333333334,0.6111111111111112,0.44,0.9066666666666666,0.56,development
top1_top2_margin,0.006493,0.46,0.09333333333333334,0.6216216216216216,0.46,0.9066666666666666,0.54,development
top1_top2_margin,0.00667,0.46,0.1,0.6052631578947368,0.46,0.9,0.54,development
top1_top2_margin,0.006731,0.48,0.1,0.6153846153846154,0.48,0.9,0.52,development
top1_top2_margin,0.006821,0.48,0.10666666666666667,0.6,0.48,0.8933333333333333,0.52,development
top1_top2_margin,0.006822,0.48,0.11333333333333333,0.5853658536585366,0.48,0.8866666666666667,0.52,development
top1_top2_margin,0.006875,0.5,0.11333333333333333,0.5952380952380952,0.5,0.8866666666666667,0.5,development
top1_top2_margin,0.007706,0.52,0.11333333333333333,0.6046511627906976,0.52,0.8866666666666667,0.48,development
top1_top2_margin,0.007779,0.52,0.12,0.5909090909090909,0.52,0.88,0.48,development
top1_top2_margin,0.007819,0.54,0.12,0.6,0.54,0.88,0.46,development
top1_top2_margin,0.008194,0.56,0.12,0.6086956521739131,0.56,0.88,0.44,development
top1_top2_margin,0.008343,0.58,0.12,0.6170212765957447,0.58,0.88,0.42,development
top1_top2_margin,0.009502,0.6,0.12,0.625,0.6,0.88,0.4,development
top1_top2_margin,0.011826,0.62,0.12,0.6326530612244898,0.62,0.88,0.38,development
top1_top2_margin,0.013555,0.62,0.12666666666666668,0.62,0.62,0.8733333333333333,0.38,development
top1_top2_margin,0.013671,0.62,0.13333333333333333,0.6078431372549019,0.62,0.8666666666666667,0.38,development
top1_top2_margin,0.015133,0.62,0.14,0.5961538461538461,0.62,0.86,0.38,development
top1_top2_margin,0.0163,0.62,0.14666666666666667,0.5849056603773585,0.62,0.8533333333333334,0.38,development
top1_top2_margin,0.016578,0.64,0.14666666666666667,0.5925925925925926,0.64,0.8533333333333334,0.36,development
top1_top2_margin,0.01835,0.66,0.14666666666666667,0.6,0.66,0.8533333333333334,0.34,development
top1_top2_margin,0.018555,0.68,0.14666666666666667,0.6071428571428571,0.68,0.8533333333333334,0.32,development
top1_top2_margin,0.018753,0.68,0.15333333333333332,0.5964912280701754,0.68,0.8466666666666667,0.32,development
top1_top2_margin,0.019067,0.7,0.15333333333333332,0.603448275862069,0.7,0.8466666666666667,0.3,development
top1_top2_margin,0.019871,0.7,0.16,0.5932203389830508,0.7,0.84,0.3,development
top1_top2_margin,0.021116,0.7,0.16666666666666666,0.5833333333333334,0.7,0.8333333333333334,0.3,development
top1_top2_margin,0.021806,0.7,0.17333333333333334,0.5737704918032787,0.7,0.8266666666666667,0.3,development
top1_top2_margin,0.0221,0.7,0.18,0.5645161290322581,0.7,0.82,0.3,development
top1_top2_margin,0.022973,0.72,0.18,0.5714285714285714,0.72,0.82,0.28,development
top1_top2_margin,0.024125,0.72,0.18666666666666668,0.5625,0.72,0.8133333333333334,0.28,development
top1_top2_margin,0.027688,0.74,0.18666666666666668,0.5692307692307692,0.74,0.8133333333333334,0.26,development
top1_top2_margin,0.029561,0.76,0.18666666666666668,0.5757575757575758,0.76,0.8133333333333334,0.24,development
top1_top2_margin,0.029903,0.76,0.19333333333333333,0.5671641791044776,0.76,0.8066666666666666,0.24,development
top1_top2_margin,0.030253,0.78,0.19333333333333333,0.5735294117647058,0.78,0.8066666666666666,0.22,development
top1_top2_margin,0.030695,0.8,0.19333333333333333,0.5797101449275363,0.8,0.8066666666666666,0.2,development
top1_top2_margin,0.032795,0.8,0.2,0.5714285714285714,0.8,0.8,0.2,development
top1_top2_margin,0.034713,0.8,0.20666666666666667,0.5633802816901409,0.8,0.7933333333333333,0.2,development
top1_top2_margin,0.035612,0.8,0.21333333333333335,0.5555555555555556,0.8,0.7866666666666666,0.2,development
top1_top2_margin,0.039812,0.82,0.21333333333333335,0.5616438356164384,0.82,0.7866666666666666,0.18,development
top1_top2_margin,0.040278,0.82,0.22,0.5540540540540541,0.82,0.78,0.18,development
top1_top2_margin,0.045526,0.82,0.22666666666666666,0.5466666666666666,0.82,0.7733333333333333,0.18,development
top1_top2_margin,0.047648,0.82,0.23333333333333334,0.5394736842105263,0.82,0.7666666666666667,0.18,development
top1_top2_margin,0.048034,0.82,0.24,0.5324675324675324,0.82,0.76,0.18,development
top1_top2_margin,0.049404,0.82,0.24666666666666667,0.5256410256410257,0.82,0.7533333333333333,0.18,development
top1_top2_margin,0.049514,0.82,0.25333333333333335,0.5189873417721519,0.82,0.7466666666666667,0.18,development
top1_top2_margin,0.05105,0.82,0.26,0.5125,0.82,0.74,0.18,development
top1_top2_margin,0.053899,0.84,0.26,0.5185185185185185,0.84,0.74,0.16,development
top1_top2_margin,0.055222,0.84,0.26666666666666666,0.5121951219512195,0.84,0.7333333333333333,0.16,development
top1_top2_margin,0.059891,0.84,0.2733333333333333,0.5060240963855421,0.84,0.7266666666666667,0.16,development
top1_top2_margin,0.060897,0.84,0.28,0.5,0.84,0.72,0.16,development
top1_top2_margin,0.061292,0.84,0.2866666666666667,0.49411764705882355,0.84,0.7133333333333334,0.16,development
top1_top2_margin,0.061664,0.84,0.29333333333333333,0.4883720930232558,0.84,0.7066666666666667,0.16,development
top1_top2_margin,0.065627,0.84,0.3,0.4827586206896552,0.84,0.7,0.16,development
top1_top2_margin,0.067114,0.84,0.30666666666666664,0.4772727272727273,0.84,0.6933333333333334,0.16,development
top1_top2_margin,0.067234,0.84,0.31333333333333335,0.47191011235955055,0.84,0.6866666666666666,0.16,development
top1_top2_margin,0.068517,0.84,0.32,0.4666666666666667,0.84,0.68,0.16,development
top1_top2_margin,0.070226,0.84,0.32666666666666666,0.46153846153846156,0.84,0.6733333333333333,0.16,development
top1_top2_margin,0.071378,0.84,0.3333333333333333,0.45652173913043476,0.84,0.6666666666666666,0.16,development
top1_top2_margin,0.072058,0.84,0.34,0.45161290322580644,0.84,0.66,0.16,development
top1_top2_margin,0.075158,0.84,0.3466666666666667,0.44680851063829785,0.84,0.6533333333333333,0.16,development
top1_top2_margin,0.076948,0.84,0.35333333333333333,0.4421052631578947,0.84,0.6466666666666666,0.16,development
top1_top2_margin,0.078956,0.84,0.36,0.4375,0.84,0.64,0.16,development
top1_top2_margin,0.081843,0.84,0.36666666666666664,0.4329896907216495,0.84,0.6333333333333333,0.16,development
top1_top2_margin,0.081951,0.84,0.37333333333333335,0.42857142857142855,0.84,0.6266666666666667,0.16,development
top1_top2_margin,0.08511,0.84,0.38,0.42424242424242425,0.84,0.62,0.16,development
top1_top2_margin,0.085447,0.84,0.38666666666666666,0.42,0.84,0.6133333333333333,0.16,development
top1_top2_margin,0.085962,0.84,0.3933333333333333,0.4158415841584158,0.84,0.6066666666666667,0.16,development
top1_top2_margin,0.089383,0.84,0.4,0.4117647058823529,0.84,0.6,0.16,development
top1_top2_margin,0.091019,0.84,0.4066666666666667,0.4077669902912621,0.84,0.5933333333333334,0.16,development
top1_top2_margin,0.092001,0.84,0.41333333333333333,0.40384615384615385,0.84,0.5866666666666667,0.16,development
top1_top2_margin,0.092905,0.84,0.42,0.4,0.84,0.58,0.16,development
top1_top2_margin,0.09373,0.86,0.42,0.4056603773584906,0.86,0.58,0.14,development
top1_top2_margin,0.094614,0.86,0.4266666666666667,0.40186915887850466,0.86,0.5733333333333334,0.14,development
top1_top2_margin,0.095206,0.86,0.43333333333333335,0.39814814814814814,0.86,0.5666666666666667,0.14,development
top1_top2_margin,0.1005,0.86,0.44,0.3944954128440367,0.86,0.56,0.14,development
top1_top2_margin,0.101067,0.86,0.44666666666666666,0.39090909090909093,0.86,0.5533333333333333,0.14,development
top1_top2_margin,0.108179,0.86,0.4533333333333333,0.38738738738738737,0.86,0.5466666666666666,0.14,development
top1_top2_margin,0.108955,0.86,0.46,0.38392857142857145,0.86,0.54,0.14,development
top1_top2_margin,0.118946,0.86,0.4666666666666667,0.3805309734513274,0.86,0.5333333333333333,0.14,development
top1_top2_margin,0.119092,0.88,0.4666666666666667,0.38596491228070173,0.88,0.5333333333333333,0.12,development
top1_top2_margin,0.119201,0.88,0.47333333333333333,0.3826086956521739,0.88,0.5266666666666666,0.12,development
top1_top2_margin,0.123042,0.88,0.48,0.3793103448275862,0.88,0.52,0.12,development
top1_top2_margin,0.125052,0.88,0.4866666666666667,0.37606837606837606,0.88,0.5133333333333333,0.12,development
top1_top2_margin,0.125456,0.88,0.49333333333333335,0.3728813559322034,0.88,0.5066666666666667,0.12,development
top1_top2_margin,0.128378,0.88,0.5,0.3697478991596639,0.88,0.5,0.12,development
top1_top2_margin,0.128997,0.88,0.5066666666666667,0.36666666666666664,0.88,0.49333333333333335,0.12,development
top1_top2_margin,0.135532,0.88,0.5133333333333333,0.36363636363636365,0.88,0.4866666666666667,0.12,development
top1_top2_margin,0.137323,0.88,0.52,0.36065573770491804,0.88,0.48,0.12,development
top1_top2_margin,0.138611,0.88,0.5266666666666666,0.35772357723577236,0.88,0.47333333333333333,0.12,development
top1_top2_margin,0.142243,0.88,0.5333333333333333,0.3548387096774194,0.88,0.4666666666666667,0.12,development
top1_top2_margin,0.142746,0.88,0.54,0.352,0.88,0.46,0.12,development
top1_top2_margin,0.146079,0.88,0.5466666666666666,0.3492063492063492,0.88,0.4533333333333333,0.12,development
top1_top2_margin,0.146177,0.88,0.5533333333333333,0.3464566929133858,0.88,0.44666666666666666,0.12,development
top1_top2_margin,0.147744,0.9,0.5533333333333333,0.3515625,0.9,0.44666666666666666,0.1,development
top1_top2_margin,0.158929,0.9,0.56,0.3488372093023256,0.9,0.44,0.1,development
top1_top2_margin,0.161765,0.9,0.5666666666666667,0.34615384615384615,0.9,0.43333333333333335,0.1,development
top1_top2_margin,0.168734,0.92,0.5666666666666667,0.3511450381679389,0.92,0.43333333333333335,0.08,development
top1_top2_margin,0.172438,0.92,0.5733333333333334,0.3484848484848485,0.92,0.4266666666666667,0.08,development
top1_top2_margin,0.173444,0.92,0.58,0.3458646616541353,0.92,0.42,0.08,development
top1_top2_margin,0.173785,0.92,0.5866666666666667,0.34328358208955223,0.92,0.41333333333333333,0.08,development
top1_top2_margin,0.178198,0.92,0.5933333333333334,0.34074074074074073,0.92,0.4066666666666667,0.08,development
top1_top2_margin,0.178587,0.92,0.6,0.3382352941176471,0.92,0.4,0.08,development
top1_top2_margin,0.180575,0.92,0.6066666666666667,0.3357664233576642,0.92,0.3933333333333333,0.08,development
top1_top2_margin,0.189049,0.92,0.6133333333333333,0.3333333333333333,0.92,0.38666666666666666,0.08,development
top1_top2_margin,0.195351,0.92,0.62,0.33093525179856115,0.92,0.38,0.08,development
top1_top2_margin,0.199046,0.92,0.6266666666666667,0.32857142857142857,0.92,0.37333333333333335,0.08,development
top1_top2_margin,0.20551,0.92,0.6333333333333333,0.3262411347517731,0.92,0.36666666666666664,0.08,development
top1_top2_margin,0.221385,0.92,0.64,0.323943661971831,0.92,0.36,0.08,development
top1_top2_margin,0.229887,0.92,0.6466666666666666,0.32167832167832167,0.92,0.35333333333333333,0.08,development
top1_top2_margin,0.232702,0.94,0.6466666666666666,0.3263888888888889,0.94,0.35333333333333333,0.06,development
top1_top2_margin,0.234879,0.94,0.6533333333333333,0.32413793103448274,0.94,0.3466666666666667,0.06,development
top1_top2_margin,0.241748,0.94,0.66,0.3219178082191781,0.94,0.34,0.06,development
top1_top2_margin,0.242836,0.96,0.66,0.32653061224489793,0.96,0.34,0.04,development
top1_top2_margin,0.243709,0.96,0.6666666666666666,0.32432432432432434,0.96,0.3333333333333333,0.04,development
top1_top2_margin,0.243908,0.96,0.6733333333333333,0.3221476510067114,0.96,0.32666666666666666,0.04,development
top1_top2_margin,0.244729,0.96,0.68,0.32,0.96,0.32,0.04,development
top1_top2_margin,0.245861,0.96,0.6866666666666666,0.31788079470198677,0.96,0.31333333333333335,0.04,development
top1_top2_margin,0.248992,0.96,0.6933333333333334,0.3157894736842105,0.96,0.30666666666666664,0.04,development
top1_top2_margin,0.25366,0.96,0.7,0.3137254901960784,0.96,0.3,0.04,development
top1_top2_margin,0.256048,0.98,0.7,0.3181818181818182,0.98,0.3,0.02,development
top1_top2_margin,0.259979,0.98,0.7066666666666667,0.3161290322580645,0.98,0.29333333333333333,0.02,development
top1_top2_margin,0.267906,0.98,0.7133333333333334,0.3141025641025641,0.98,0.2866666666666667,0.02,development
top1_top2_margin,0.269105,0.98,0.72,0.31210191082802546,0.98,0.28,0.02,development
top1_top2_margin,0.27442,0.98,0.7266666666666667,0.310126582278481,0.98,0.2733333333333333,0.02,development
top1_top2_margin,0.279778,0.98,0.7333333333333333,0.3081761006289308,0.98,0.26666666666666666,0.02,development
top1_top2_margin,0.289787,0.98,0.74,0.30625,0.98,0.26,0.02,development
top1_top2_margin,0.304255,0.98,0.7466666666666667,0.30434782608695654,0.98,0.25333333333333335,0.02,development
top1_top2_margin,0.305403,0.98,0.7533333333333333,0.30246913580246915,0.98,0.24666666666666667,0.02,development
top1_top2_margin,0.30947,0.98,0.76,0.3006134969325153,0.98,0.24,0.02,development
top1_top2_margin,0.318022,0.98,0.7666666666666667,0.29878048780487804,0.98,0.23333333333333334,0.02,development
top1_top2_margin,0.328897,0.98,0.7733333333333333,0.296969696969697,0.98,0.22666666666666666,0.02,development
top1_top2_margin,0.329901,0.98,0.78,0.29518072289156627,0.98,0.22,0.02,development
top1_top2_margin,0.331839,0.98,0.7866666666666666,0.2934131736526946,0.98,0.21333333333333335,0.02,development
top1_top2_margin,0.334036,0.98,0.7933333333333333,0.2916666666666667,0.98,0.20666666666666667,0.02,development
top1_top2_margin,0.334097,0.98,0.8,0.28994082840236685,0.98,0.2,0.02,development
top1_top2_margin,0.347732,0.98,0.8066666666666666,0.28823529411764703,0.98,0.19333333333333333,0.02,development
top1_top2_margin,0.349703,0.98,0.8133333333333334,0.28654970760233917,0.98,0.18666666666666668,0.02,development
top1_top2_margin,0.359018,0.98,0.82,0.28488372093023256,0.98,0.18,0.02,development
top1_top2_margin,0.404536,0.98,0.8266666666666667,0.2832369942196532,0.98,0.17333333333333334,0.02,development
top1_top2_margin,0.422369,0.98,0.8333333333333334,0.28160919540229884,0.98,0.16666666666666666,0.02,development
top1_top2_margin,0.423095,0.98,0.84,0.28,0.98,0.16,0.02,development
top1_top2_margin,0.424512,0.98,0.8466666666666667,0.2784090909090909,0.98,0.15333333333333332,0.02,development
top1_top2_margin,0.429161,0.98,0.8533333333333334,0.2768361581920904,0.98,0.14666666666666667,0.02,development
top1_top2_margin,0.430546,0.98,0.86,0.2752808988764045,0.98,0.14,0.02,development
top1_top2_margin,0.437648,0.98,0.8666666666666667,0.2737430167597765,0.98,0.13333333333333333,0.02,development
top1_top2_margin,0.438106,0.98,0.8733333333333333,0.2722222222222222,0.98,0.12666666666666668,0.02,development
top1_top2_margin,0.464534,0.98,0.88,0.27071823204419887,0.98,0.12,0.02,development
top1_top2_margin,0.498433,0.98,0.8866666666666667,0.2692307692307692,0.98,0.11333333333333333,0.02,development
top1_top2_margin,0.505018,0.98,0.8933333333333333,0.2677595628415301,0.98,0.10666666666666667,0.02,development
top1_top2_margin,0.541355,0.98,0.9,0.266304347826087,0.98,0.1,0.02,development
top1_top2_margin,0.557215,0.98,0.9066666666666666,0.2648648648648649,0.98,0.09333333333333334,0.02,development
top1_top2_margin,0.570811,0.98,0.9133333333333333,0.26344086021505375,0.98,0.08666666666666667,0.02,development
top1_top2_margin,0.573614,1.0,0.9133333333333333,0.26737967914438504,1.0,0.08666666666666667,0.0,development
top1_top2_margin,0.602423,1.0,0.92,0.26595744680851063,1.0,0.08,0.0,development
top1_top2_margin,0.663407,1.0,0.9266666666666666,0.26455026455026454,1.0,0.07333333333333333,0.0,development
top1_top2_margin,0.693012,1.0,0.9333333333333333,0.2631578947368421,1.0,0.06666666666666667,0.0,development
top1_top2_margin,0.710061,1.0,0.94,0.2617801047120419,1.0,0.06,0.0,development
top1_top2_margin,0.733208,1.0,0.9466666666666667,0.2604166666666667,1.0,0.05333333333333334,0.0,development
top1_top2_margin,0.74497,1.0,0.9533333333333334,0.25906735751295334,1.0,0.04666666666666667,0.0,development
top1_top2_margin,0.756524,1.0,0.96,0.25773195876288657,1.0,0.04,0.0,development
top1_top2_margin,0.757714,1.0,0.9666666666666667,0.2564102564102564,1.0,0.03333333333333333,0.0,development
top1_top2_margin,0.813874,1.0,0.9733333333333334,0.25510204081632654,1.0,0.02666666666666667,0.0,development
top1_top2_margin,0.828797,1.0,0.98,0.25380710659898476,1.0,0.02,0.0,development
top1_top2_margin,0.83046,1.0,0.9866666666666667,0.25252525252525254,1.0,0.013333333333333334,0.0,development
top1_top2_margin,0.874807,1.0,0.9933333333333333,0.25125628140703515,1.0,0.006666666666666667,0.0,development
top1_top2_margin,0.874807,1.0,1.0,0.25,1.0,0.0,0.0,development
mean_top3_score,0.00017,0.0,0.0,0.0,0.0,1.0,1.0,development
mean_top3_score,0.00017,0.0,0.0,0.0,0.0,1.0,1.0,development
mean_top3_score,0.000355,0.02,0.0,1.0,0.02,1.0,0.98,development
mean_top3_score,0.000385,0.04,0.0,1.0,0.04,1.0,0.96,development
mean_top3_score,0.000516,0.06,0.0,1.0,0.06,1.0,0.94,development
mean_top3_score,0.000688,0.08,0.0,1.0,0.08,1.0,0.92,development
mean_top3_score,0.001057,0.1,0.0,1.0,0.1,1.0,0.9,development
mean_top3_score,0.002401,0.1,0.006666666666666667,0.8333333333333334,0.1,0.9933333333333333,0.9,development
mean_top3_score,0.002467,0.1,0.013333333333333334,0.7142857142857143,0.1,0.9866666666666667,0.9,development
mean_top3_score,0.003044,0.1,0.02,0.625,0.1,0.98,0.9,development
mean_top3_score,0.003248,0.1,0.02666666666666667,0.5555555555555556,0.1,0.9733333333333334,0.9,development
mean_top3_score,0.004218,0.12,0.02666666666666667,0.6,0.12,0.9733333333333334,0.88,development
mean_top3_score,0.00502,0.14,0.02666666666666667,0.6363636363636364,0.14,0.9733333333333334,0.86,development
mean_top3_score,0.005107,0.14,0.03333333333333333,0.5833333333333334,0.14,0.9666666666666667,0.86,development
mean_top3_score,0.005576,0.14,0.04,0.5384615384615384,0.14,0.96,0.86,development
mean_top3_score,0.006078,0.16,0.04,0.5714285714285714,0.16,0.96,0.84,development
mean_top3_score,0.006733,0.18,0.04,0.6,0.18,0.96,0.82,development
mean_top3_score,0.007254,0.2,0.04,0.625,0.2,0.96,0.8,development
mean_top3_score,0.007457,0.22,0.04,0.6470588235294118,0.22,0.96,0.78,development
mean_top3_score,0.00769,0.22,0.04666666666666667,0.6111111111111112,0.22,0.9533333333333334,0.78,development
mean_top3_score,0.007821,0.24,0.04666666666666667,0.631578947368421,0.24,0.9533333333333334,0.76,development
mean_top3_score,0.007925,0.26,0.04666666666666667,0.65,0.26,0.9533333333333334,0.74,development
mean_top3_score,0.008102,0.26,0.05333333333333334,0.6190476190476191,0.26,0.9466666666666667,0.74,development
mean_top3_score,0.009365,0.28,0.05333333333333334,0.6363636363636364,0.28,0.9466666666666667,0.72,development
mean_top3_score,0.009594,0.28,0.06,0.6086956521739131,0.28,0.94,0.72,development
mean_top3_score,0.01069,0.3,0.06,0.625,0.3,0.94,0.7,development
mean_top3_score,0.011037,0.32,0.06,0.64,0.32,0.94,0.68,development
mean_top3_score,0.011143,0.34,0.06,0.6538461538461539,0.34,0.94,0.66,development
mean_top3_score,0.01202,0.36,0.06,0.6666666666666666,0.36,0.94,0.64,development
mean_top3_score,0.013503,0.38,0.06,0.6785714285714286,0.38,0.94,0.62,development
mean_top3_score,0.014333,0.4,0.06,0.6896551724137931,0.4,0.94,0.6,development
mean_top3_score,0.01459,0.42,0.06,0.7,0.42,0.94,0.58,development
mean_top3_score,0.015259,0.44,0.06,0.7096774193548387,0.44,0.94,0.56,development
mean_top3_score,0.015554,0.46,0.06,0.71875,0.46,0.94,0.54,development
mean_top3_score,0.01784,0.48,0.06,0.7272727272727273,0.48,0.94,0.52,development
mean_top3_score,0.01821,0.5,0.06,0.7352941176470589,0.5,0.94,0.5,development
mean_top3_score,0.018892,0.52,0.06,0.7428571428571429,0.52,0.94,0.48,development
mean_top3_score,0.019174,0.54,0.06,0.75,0.54,0.94,0.46,development
mean_top3_score,0.020087,0.56,0.06,0.7567567567567568,0.56,0.94,0.44,development
mean_top3_score,0.020318,0.58,0.06,0.7631578947368421,0.58,0.94,0.42,development
mean_top3_score,0.022221,0.6,0.06,0.7692307692307693,0.6,0.94,0.4,development
mean_top3_score,0.022448,0.62,0.06,0.775,0.62,0.94,0.38,development
mean_top3_score,0.022591,0.64,0.06,0.7804878048780488,0.64,0.94,0.36,development
mean_top3_score,0.025255,0.66,0.06,0.7857142857142857,0.66,0.94,0.34,development
mean_top3_score,0.025509,0.66,0.06666666666666667,0.7674418604651163,0.66,0.9333333333333333,0.34,development
mean_top3_score,0.025946,0.66,0.07333333333333333,0.75,0.66,0.9266666666666666,0.34,development
mean_top3_score,0.026631,0.68,0.07333333333333333,0.7555555555555555,0.68,0.9266666666666666,0.32,development
mean_top3_score,0.028344,0.68,0.08,0.7391304347826086,0.68,0.92,0.32,development
mean_top3_score,0.030578,0.68,0.08666666666666667,0.723404255319149,0.68,0.9133333333333333,0.32,development
mean_top3_score,0.031289,0.68,0.09333333333333334,0.7083333333333334,0.68,0.9066666666666666,0.32,development
mean_top3_score,0.03178,0.68,0.1,0.6938775510204082,0.68,0.9,0.32,development
mean_top3_score,0.031789,0.68,0.10666666666666667,0.68,0.68,0.8933333333333333,0.32,development
mean_top3_score,0.034175,0.7,0.10666666666666667,0.6862745098039216,0.7,0.8933333333333333,0.3,development
mean_top3_score,0.041504,0.7,0.11333333333333333,0.6730769230769231,0.7,0.8866666666666667,0.3,development
mean_top3_score,0.04214,0.7,0.12,0.660377358490566,0.7,0.88,0.3,development
mean_top3_score,0.044167,0.72,0.12,0.6666666666666666,0.72,0.88,0.28,development
mean_top3_score,0.044723,0.74,0.12,0.6727272727272727,0.74,0.88,0.26,development
mean_top3_score,0.045,0.74,0.12666666666666668,0.6607142857142857,0.74,0.8733333333333333,0.26,development
mean_top3_score,0.046585,0.74,0.13333333333333333,0.6491228070175439,0.74,0.8666666666666667,0.26,development
mean_top3_score,0.052675,0.76,0.13333333333333333,0.6551724137931034,0.76,0.8666666666666667,0.24,development
mean_top3_score,0.056376,0.76,0.14,0.6440677966101694,0.76,0.86,0.24,development
mean_top3_score,0.057362,0.76,0.14666666666666667,0.6333333333333333,0.76,0.8533333333333334,0.24,development
mean_top3_score,0.059981,0.78,0.14666666666666667,0.639344262295082,0.78,0.8533333333333334,0.22,development
mean_top3_score,0.060652,0.78,0.15333333333333332,0.6290322580645161,0.78,0.8466666666666667,0.22,development
mean_top3_score,0.062645,0.78,0.16,0.6190476190476191,0.78,0.84,0.22,development
mean_top3_score,0.066084,0.8,0.16,0.625,0.8,0.84,0.2,development
mean_top3_score,0.070825,0.8,0.16666666666666666,0.6153846153846154,0.8,0.8333333333333334,0.2,development
mean_top3_score,0.074163,0.8,0.17333333333333334,0.6060606060606061,0.8,0.8266666666666667,0.2,development
mean_top3_score,0.075,0.8,0.18,0.5970149253731343,0.8,0.82,0.2,development
mean_top3_score,0.076641,0.8,0.18666666666666668,0.5882352941176471,0.8,0.8133333333333334,0.2,development
mean_top3_score,0.077647,0.8,0.19333333333333333,0.5797101449275363,0.8,0.8066666666666666,0.2,development
mean_top3_score,0.079907,0.8,0.2,0.5714285714285714,0.8,0.8,0.2,development
mean_top3_score,0.082397,0.8,0.20666666666666667,0.5633802816901409,0.8,0.7933333333333333,0.2,development
mean_top3_score,0.090221,0.8,0.21333333333333335,0.5555555555555556,0.8,0.7866666666666666,0.2,development
mean_top3_score,0.10365,0.82,0.21333333333333335,0.5616438356164384,0.82,0.7866666666666666,0.18,development
mean_top3_score,0.105012,0.82,0.22,0.5540540540540541,0.82,0.78,0.18,development
mean_top3_score,0.114427,0.82,0.22666666666666666,0.5466666666666666,0.82,0.7733333333333333,0.18,development
mean_top3_score,0.117682,0.82,0.23333333333333334,0.5394736842105263,0.82,0.7666666666666667,0.18,development
mean_top3_score,0.121555,0.82,0.24,0.5324675324675324,0.82,0.76,0.18,development
mean_top3_score,0.122755,0.84,0.24,0.5384615384615384,0.84,0.76,0.16,development
mean_top3_score,0.128852,0.84,0.24666666666666667,0.5316455696202531,0.84,0.7533333333333333,0.16,development
mean_top3_score,0.129914,0.86,0.24666666666666667,0.5375,0.86,0.7533333333333333,0.14,development
mean_top3_score,0.13013,0.88,0.24666666666666667,0.5432098765432098,0.88,0.7533333333333333,0.12,development
mean_top3_score,0.1322,0.88,0.25333333333333335,0.5365853658536586,0.88,0.7466666666666667,0.12,development
mean_top3_score,0.142045,0.88,0.26,0.5301204819277109,0.88,0.74,0.12,development
mean_top3_score,0.143303,0.9,0.26,0.5357142857142857,0.9,0.74,0.1,development
mean_top3_score,0.147397,0.92,0.26,0.5411764705882353,0.92,0.74,0.08,development
mean_top3_score,0.160852,0.92,0.26666666666666666,0.5348837209302325,0.92,0.7333333333333333,0.08,development
mean_top3_score,0.160904,0.92,0.2733333333333333,0.5287356321839081,0.92,0.7266666666666667,0.08,development
mean_top3_score,0.164703,0.92,0.28,0.5227272727272727,0.92,0.72,0.08,development
mean_top3_score,0.165304,0.92,0.2866666666666667,0.5168539325842697,0.92,0.7133333333333334,0.08,development
mean_top3_score,0.168983,0.92,0.29333333333333333,0.5111111111111111,0.92,0.7066666666666667,0.08,development
mean_top3_score,0.171002,0.92,0.3,0.5054945054945055,0.92,0.7,0.08,development
mean_top3_score,0.171942,0.92,0.30666666666666664,0.5,0.92,0.6933333333333334,0.08,development
mean_top3_score,0.173338,0.92,0.31333333333333335,0.4946236559139785,0.92,0.6866666666666666,0.08,development
mean_top3_score,0.177252,0.92,0.32,0.48936170212765956,0.92,0.68,0.08,development
mean_top3_score,0.180331,0.92,0.32666666666666666,0.4842105263157895,0.92,0.6733333333333333,0.08,development
mean_top3_score,0.181054,0.92,0.3333333333333333,0.4791666666666667,0.92,0.6666666666666666,0.08,development
mean_top3_score,0.208395,0.92,0.34,0.4742268041237113,0.92,0.66,0.08,development
mean_top3_score,0.20886,0.92,0.3466666666666667,0.46938775510204084,0.92,0.6533333333333333,0.08,development
mean_top3_score,0.21616,0.92,0.35333333333333333,0.46464646464646464,0.92,0.6466666666666666,0.08,development
mean_top3_score,0.216221,0.92,0.36,0.46,0.92,0.64,0.08,development
mean_top3_score,0.226133,0.92,0.36666666666666664,0.45544554455445546,0.92,0.6333333333333333,0.08,development
mean_top3_score,0.229273,0.92,0.37333333333333335,0.45098039215686275,0.92,0.6266666666666667,0.08,development
mean_top3_score,0.230771,0.92,0.38,0.44660194174757284,0.92,0.62,0.08,development
mean_top3_score,0.23284,0.92,0.38666666666666666,0.4423076923076923,0.92,0.6133333333333333,0.08,development
mean_top3_score,0.238655,0.92,0.3933333333333333,0.4380952380952381,0.92,0.6066666666666667,0.08,development
mean_top3_score,0.245745,0.92,0.4,0.4339622641509434,0.92,0.6,0.08,development
mean_top3_score,0.251705,0.92,0.4066666666666667,0.42990654205607476,0.92,0.5933333333333334,0.08,development
mean_top3_score,0.253038,0.92,0.41333333333333333,0.42592592592592593,0.92,0.5866666666666667,0.08,development
mean_top3_score,0.25908,0.92,0.42,0.42201834862385323,0.92,0.58,0.08,development
mean_top3_score,0.26023,0.92,0.4266666666666667,0.41818181818181815,0.92,0.5733333333333334,0.08,development
mean_top3_score,0.276335,0.92,0.43333333333333335,0.4144144144144144,0.92,0.5666666666666667,0.08,development
mean_top3_score,0.276905,0.92,0.44,0.4107142857142857,0.92,0.56,0.08,development
mean_top3_score,0.279521,0.92,0.44666666666666666,0.40707964601769914,0.92,0.5533333333333333,0.08,development
mean_top3_score,0.280654,0.92,0.4533333333333333,0.40350877192982454,0.92,0.5466666666666666,0.08,development
mean_top3_score,0.288408,0.94,0.4533333333333333,0.40869565217391307,0.94,0.5466666666666666,0.06,development
mean_top3_score,0.291901,0.94,0.46,0.4051724137931034,0.94,0.54,0.06,development
mean_top3_score,0.293146,0.94,0.4666666666666667,0.4017094017094017,0.94,0.5333333333333333,0.06,development
mean_top3_score,0.303154,0.94,0.47333333333333333,0.3983050847457627,0.94,0.5266666666666666,0.06,development
mean_top3_score,0.306554,0.96,0.47333333333333333,0.40336134453781514,0.96,0.5266666666666666,0.04,development
mean_top3_score,0.318358,0.96,0.48,0.4,0.96,0.52,0.04,development
mean_top3_score,0.321979,0.96,0.4866666666666667,0.39669421487603307,0.96,0.5133333333333333,0.04,development
mean_top3_score,0.326956,0.96,0.49333333333333335,0.39344262295081966,0.96,0.5066666666666667,0.04,development
mean_top3_score,0.339131,0.96,0.5,0.3902439024390244,0.96,0.5,0.04,development
mean_top3_score,0.344075,0.96,0.5066666666666667,0.3870967741935484,0.96,0.49333333333333335,0.04,development
mean_top3_score,0.344874,0.96,0.5133333333333333,0.384,0.96,0.4866666666666667,0.04,development
mean_top3_score,0.345155,0.98,0.5133333333333333,0.3888888888888889,0.98,0.4866666666666667,0.02,development
mean_top3_score,0.355514,0.98,0.52,0.3858267716535433,0.98,0.48,0.02,development
mean_top3_score,0.383001,0.98,0.5266666666666666,0.3828125,0.98,0.47333333333333333,0.02,development
mean_top3_score,0.389197,0.98,0.5333333333333333,0.3798449612403101,0.98,0.4666666666666667,0.02,development
mean_top3_score,0.390277,0.98,0.54,0.3769230769230769,0.98,0.46,0.02,development
mean_top3_score,0.391264,0.98,0.5466666666666666,0.37404580152671757,0.98,0.4533333333333333,0.02,development
mean_top3_score,0.39495,0.98,0.5533333333333333,0.3712121212121212,0.98,0.44666666666666666,0.02,development
mean_top3_score,0.39931,0.98,0.56,0.3684210526315789,0.98,0.44,0.02,development
mean_top3_score,0.399467,0.98,0.5666666666666667,0.3656716417910448,0.98,0.43333333333333335,0.02,development
mean_top3_score,0.401387,0.98,0.5733333333333334,0.362962962962963,0.98,0.4266666666666667,0.02,development
mean_top3_score,0.405778,0.98,0.58,0.3602941176470588,0.98,0.42,0.02,development
mean_top3_score,0.413494,0.98,0.5866666666666667,0.35766423357664234,0.98,0.41333333333333333,0.02,development
mean_top3_score,0.415976,0.98,0.5933333333333334,0.35507246376811596,0.98,0.4066666666666667,0.02,development
mean_top3_score,0.435363,0.98,0.6,0.35251798561151076,0.98,0.4,0.02,development
mean_top3_score,0.437416,0.98,0.6066666666666667,0.35,0.98,0.3933333333333333,0.02,development
mean_top3_score,0.448536,0.98,0.6133333333333333,0.3475177304964539,0.98,0.38666666666666666,0.02,development
mean_top3_score,0.450257,0.98,0.62,0.34507042253521125,0.98,0.38,0.02,development
mean_top3_score,0.457825,0.98,0.6266666666666667,0.34265734265734266,0.98,0.37333333333333335,0.02,development
mean_top3_score,0.462162,0.98,0.6333333333333333,0.3402777777777778,0.98,0.36666666666666664,0.02,development
mean_top3_score,0.469139,0.98,0.64,0.33793103448275863,0.98,0.36,0.02,development
mean_top3_score,0.485331,0.98,0.6466666666666666,0.3356164383561644,0.98,0.35333333333333333,0.02,development
mean_top3_score,0.497997,0.98,0.6533333333333333,0.3333333333333333,0.98,0.3466666666666667,0.02,development
mean_top3_score,0.504828,0.98,0.66,0.3310810810810811,0.98,0.34,0.02,development
mean_top3_score,0.509822,0.98,0.6666666666666666,0.3288590604026846,0.98,0.3333333333333333,0.02,development
mean_top3_score,0.519663,0.98,0.6733333333333333,0.32666666666666666,0.98,0.32666666666666666,0.02,development
mean_top3_score,0.523459,0.98,0.68,0.32450331125827814,0.98,0.32,0.02,development
mean_top3_score,0.526131,0.98,0.6866666666666666,0.3223684210526316,0.98,0.31333333333333335,0.02,development
mean_top3_score,0.53136,0.98,0.6933333333333334,0.3202614379084967,0.98,0.30666666666666664,0.02,development
mean_top3_score,0.58681,0.98,0.7,0.3181818181818182,0.98,0.3,0.02,development
mean_top3_score,0.597079,0.98,0.7066666666666667,0.3161290322580645,0.98,0.29333333333333333,0.02,development
mean_top3_score,0.604136,0.98,0.7133333333333334,0.3141025641025641,0.98,0.2866666666666667,0.02,development
mean_top3_score,0.606236,0.98,0.72,0.31210191082802546,0.98,0.28,0.02,development
mean_top3_score,0.619787,0.98,0.7266666666666667,0.310126582278481,0.98,0.2733333333333333,0.02,development
mean_top3_score,0.620975,0.98,0.7333333333333333,0.3081761006289308,0.98,0.26666666666666666,0.02,development
mean_top3_score,0.646176,0.98,0.74,0.30625,0.98,0.26,0.02,development
mean_top3_score,0.652713,0.98,0.7466666666666667,0.30434782608695654,0.98,0.25333333333333335,0.02,development
mean_top3_score,0.658383,0.98,0.7533333333333333,0.30246913580246915,0.98,0.24666666666666667,0.02,development
mean_top3_score,0.658511,0.98,0.76,0.3006134969325153,0.98,0.24,0.02,development
mean_top3_score,0.660553,0.98,0.7666666666666667,0.29878048780487804,0.98,0.23333333333333334,0.02,development
mean_top3_score,0.660885,0.98,0.7733333333333333,0.296969696969697,0.98,0.22666666666666666,0.02,development
mean_top3_score,0.66822,0.98,0.78,0.29518072289156627,0.98,0.22,0.02,development
mean_top3_score,0.688016,0.98,0.7866666666666666,0.2934131736526946,0.98,0.21333333333333335,0.02,development
mean_top3_score,0.701262,0.98,0.7933333333333333,0.2916666666666667,0.98,0.20666666666666667,0.02,development
mean_top3_score,0.712315,0.98,0.8,0.28994082840236685,0.98,0.2,0.02,development
mean_top3_score,0.723947,0.98,0.8066666666666666,0.28823529411764703,0.98,0.19333333333333333,0.02,development
mean_top3_score,0.747139,0.98,0.8133333333333334,0.28654970760233917,0.98,0.18666666666666668,0.02,development
mean_top3_score,0.754159,0.98,0.82,0.28488372093023256,0.98,0.18,0.02,development
mean_top3_score,0.754243,0.98,0.8266666666666667,0.2832369942196532,0.98,0.17333333333333334,0.02,development
mean_top3_score,0.756305,0.98,0.8333333333333334,0.28160919540229884,0.98,0.16666666666666666,0.02,development
mean_top3_score,0.77814,1.0,0.8333333333333334,0.2857142857142857,1.0,0.16666666666666666,0.0,development
mean_top3_score,0.788398,1.0,0.84,0.2840909090909091,1.0,0.16,0.0,development
mean_top3_score,0.789208,1.0,0.8466666666666667,0.2824858757062147,1.0,0.15333333333333332,0.0,development
mean_top3_score,0.799366,1.0,0.8533333333333334,0.2808988764044944,1.0,0.14666666666666667,0.0,development
mean_top3_score,0.815382,1.0,0.86,0.27932960893854747,1.0,0.14,0.0,development
mean_top3_score,0.817469,1.0,0.8666666666666667,0.2777777777777778,1.0,0.13333333333333333,0.0,development
mean_top3_score,0.820061,1.0,0.8733333333333333,0.27624309392265195,1.0,0.12666666666666668,0.0,development
mean_top3_score,0.835706,1.0,0.88,0.27472527472527475,1.0,0.12,0.0,development
mean_top3_score,0.844476,1.0,0.8866666666666667,0.273224043715847,1.0,0.11333333333333333,0.0,development
mean_top3_score,0.848458,1.0,0.8933333333333333,0.2717391304347826,1.0,0.10666666666666667,0.0,development
mean_top3_score,0.851941,1.0,0.9,0.2702702702702703,1.0,0.1,0.0,development
mean_top3_score,0.854941,1.0,0.9066666666666666,0.26881720430107525,1.0,0.09333333333333334,0.0,development
mean_top3_score,0.864337,1.0,0.9133333333333333,0.26737967914438504,1.0,0.08666666666666667,0.0,development
mean_top3_score,0.864377,1.0,0.92,0.26595744680851063,1.0,0.08,0.0,development
mean_top3_score,0.866851,1.0,0.9266666666666666,0.26455026455026454,1.0,0.07333333333333333,0.0,development
mean_top3_score,0.871682,1.0,0.9333333333333333,0.2631578947368421,1.0,0.06666666666666667,0.0,development
mean_top3_score,0.8743,1.0,0.94,0.2617801047120419,1.0,0.06,0.0,development
mean_top3_score,0.874805,1.0,0.9466666666666667,0.2604166666666667,1.0,0.05333333333333334,0.0,development
mean_top3_score,0.87552,1.0,0.9533333333333334,0.25906735751295334,1.0,0.04666666666666667,0.0,development
mean_top3_score,0.891179,1.0,0.96,0.25773195876288657,1.0,0.04,0.0,development
mean_top3_score,0.916757,1.0,0.9666666666666667,0.2564102564102564,1.0,0.03333333333333333,0.0,development
mean_top3_score,0.917568,1.0,0.9733333333333334,0.25510204081632654,1.0,0.02666666666666667,0.0,development
mean_top3_score,0.921336,1.0,0.98,0.25380710659898476,1.0,0.02,0.0,development
mean_top3_score,0.927243,1.0,0.9866666666666667,0.25252525252525254,1.0,0.013333333333333334,0.0,development
mean_top3_score,0.954148,1.0,0.9933333333333333,0.25125628140703515,1.0,0.006666666666666667,0.0,development
mean_top3_score,0.954148,1.0,1.0,0.25,1.0,0.0,0.0,development
logistic_authorized_candidate_count_reranked_count_top1_score_top2_score_top3_score_top1_top2_margin_top1_top3_margin_mean_top3_score_mean_top5_score_min_top5_score_max_top5_score_std_top5_score_distinct_source_count_top5_distinct_document_count_top5_duplicate_source_chunk_count_top5_source_score_concentration,0.001694192505,1.0,1.0,0.25,1.0,0.0,0.0,development
logistic_authorized_candidate_count_reranked_count_top1_score_top2_score_top3_score_top1_top2_margin_top1_top3_margin_mean_top3_score_mean_top5_score_min_top5_score_max_top5_score_std_top5_score_distinct_source_count_top5_distinct_document_count_top5_duplicate_source_chunk_count_top5_source_score_concentration,0.001694192505,1.0,1.0,0.25,1.0,0.0,0.0,development
logistic_authorized_candidate_count_reranked_count_top1_score_top2_score_top3_score_top1_top2_margin_top1_top3_margin_mean_top3_score_mean_top5_score_min_top5_score_max_top5_score_std_top5_score_distinct_source_count_top5_distinct_document_count_top5_duplicate_source_chunk_count_top5_source_score_concentration,0.001814750042,1.0,0.9933333333333333,0.25125628140703515,1.0,0.006666666666666667,0.0,development
logistic_authorized_candidate_count_reranked_count_top1_score_top2_score_top3_score_top1_top2_margin_top1_top3_margin_mean_top3_score_mean_top5_score_min_top5_score_max_top5_score_std_top5_score_distinct_source_count_top5_distinct_document_count_top5_duplicate_source_chunk_count_top5_source_score_concentration,0.001878379384,1.0,0.9866666666666667,0.25252525252525254,1.0,0.013333333333333334,0.0,development
logistic_authorized_candidate_count_reranked_count_top1_score_top2_score_top3_score_top1_top2_margin_top1_top3_margin_mean_top3_score_mean_top5_score_min_top5_score_max_top5_score_std_top5_score_distinct_source_count_top5_distinct_document_count_top5_duplicate_source_chunk_count_top5_source_score_concentration,0.001995294133,1.0,0.98,0.25380710659898476,1.0,0.02,0.0,development
logistic_authorized_candidate_count_reranked_count_top1_score_top2_score_top3_score_top1_top2_margin_top1_top3_margin_mean_top3_score_mean_top5_score_min_top5_score_max_top5_score_std_top5_score_distinct_source_count_top5_distinct_document_count_top5_duplicate_source_chunk_count_top5_source_score_concentration,0.002021911517,1.0,0.9733333333333334,0.25510204081632654,1.0,0.02666666666666667,0.0,development
logistic_authorized_candidate_count_reranked_count_top1_score_top2_score_top3_score_top1_top2_margin_top1_top3_margin_mean_top3_score_mean_top5_score_min_top5_score_max_top5_score_std_top5_score_distinct_source_count_top5_distinct_document_count_top5_duplicate_source_chunk_count_top5_source_score_concentration,0.002386304145,1.0,0.9666666666666667,0.2564102564102564,1.0,0.03333333333333333,0.0,development
logistic_authorized_candidate_count_reranked_count_top1_score_top2_score_top3_score_top1_top2_margin_top1_top3_margin_mean_top3_score_mean_top5_score_min_top5_score_max_top5_score_std_top5_score_distinct_source_count_top5_distinct_document_count_top5_duplicate_source_chunk_count_top5_source_score_concentration,0.002752521718,1.0,0.96,0.25773195876288657,1.0,0.04,0.0,development
logistic_authorized_candidate_count_reranked_count_top1_score_top2_score_top3_score_top1_top2_margin_top1_top3_margin_mean_top3_score_mean_top5_score_min_top5_score_max_top5_score_std_top5_score_distinct_source_count_top5_distinct_document_count_top5_duplicate_source_chunk_count_top5_source_score_concentration,0.003153937083,1.0,0.9533333333333334,0.25906735751295334,1.0,0.04666666666666667,0.0,development
logistic_authorized_candidate_count_reranked_count_top1_score_top2_score_top3_score_top1_top2_margin_top1_top3_margin_mean_top3_score_mean_top5_score_min_top5_score_max_top5_score_std_top5_score_distinct_source_count_top5_distinct_document_count_top5_duplicate_source_chunk_count_top5_source_score_concentration,0.003895859868,1.0,0.9466666666666667,0.2604166666666667,1.0,0.05333333333333334,0.0,development
logistic_authorized_candidate_count_reranked_count_top1_score_top2_score_top3_score_top1_top2_margin_top1_top3_margin_mean_top3_score_mean_top5_score_min_top5_score_max_top5_score_std_top5_score_distinct_source_count_top5_distinct_document_count_top5_duplicate_source_chunk_count_top5_source_score_concentration,0.004232559053,1.0,0.94,0.2617801047120419,1.0,0.06,0.0,development
logistic_authorized_candidate_count_reranked_count_top1_score_top2_score_top3_score_top1_top2_margin_top1_top3_margin_mean_top3_score_mean_top5_score_min_top5_score_max_top5_score_std_top5_score_distinct_source_count_top5_distinct_document_count_top5_duplicate_source_chunk_count_top5_source_score_concentration,0.004256953077,1.0,0.9333333333333333,0.2631578947368421,1.0,0.06666666666666667,0.0,development
logistic_authorized_candidate_count_reranked_count_top1_score_top2_score_top3_score_top1_top2_margin_top1_top3_margin_mean_top3_score_mean_top5_score_min_top5_score_max_top5_score_std_top5_score_distinct_source_count_top5_distinct_document_count_top5_duplicate_source_chunk_count_top5_source_score_concentration,0.004398864178,1.0,0.9266666666666666,0.26455026455026454,1.0,0.07333333333333333,0.0,development
logistic_authorized_candidate_count_reranked_count_top1_score_top2_score_top3_score_top1_top2_margin_top1_top3_margin_mean_top3_score_mean_top5_score_min_top5_score_max_top5_score_std_top5_score_distinct_source_count_top5_distinct_document_count_top5_duplicate_source_chunk_count_top5_source_score_concentration,0.004505655846,1.0,0.92,0.26595744680851063,1.0,0.08,0.0,development
logistic_authorized_candidate_count_reranked_count_top1_score_top2_score_top3_score_top1_top2_margin_top1_top3_margin_mean_top3_score_mean_top5_score_min_top5_score_max_top5_score_std_top5_score_distinct_source_count_top5_distinct_document_count_top5_duplicate_source_chunk_count_top5_source_score_concentration,0.0049112832,1.0,0.9133333333333333,0.26737967914438504,1.0,0.08666666666666667,0.0,development
logistic_authorized_candidate_count_reranked_count_top1_score_top2_score_top3_score_top1_top2_margin_top1_top3_margin_mean_top3_score_mean_top5_score_min_top5_score_max_top5_score_std_top5_score_distinct_source_count_top5_distinct_document_count_top5_duplicate_source_chunk_count_top5_source_score_concentration,0.005307210692,1.0,0.9066666666666666,0.26881720430107525,1.0,0.09333333333333334,0.0,development
logistic_authorized_candidate_count_reranked_count_top1_score_top2_score_top3_score_top1_top2_margin_top1_top3_margin_mean_top3_score_mean_top5_score_min_top5_score_max_top5_score_std_top5_score_distinct_source_count_top5_distinct_document_count_top5_duplicate_source_chunk_count_top5_source_score_concentration,0.00576022059,1.0,0.9,0.2702702702702703,1.0,0.1,0.0,development
logistic_authorized_candidate_count_reranked_count_top1_score_top2_score_top3_score_top1_top2_margin_top1_top3_margin_mean_top3_score_mean_top5_score_min_top5_score_max_top5_score_std_top5_score_distinct_source_count_top5_distinct_document_count_top5_duplicate_source_chunk_count_top5_source_score_concentration,0.00590749402,1.0,0.8933333333333333,0.2717391304347826,1.0,0.10666666666666667,0.0,development
logistic_authorized_candidate_count_reranked_count_top1_score_top2_score_top3_score_top1_top2_margin_top1_top3_margin_mean_top3_score_mean_top5_score_min_top5_score_max_top5_score_std_top5_score_distinct_source_count_top5_distinct_document_count_top5_duplicate_source_chunk_count_top5_source_score_concentration,0.00600813954,1.0,0.8866666666666667,0.273224043715847,1.0,0.11333333333333333,0.0,development
logistic_authorized_candidate_count_reranked_count_top1_score_top2_score_top3_score_top1_top2_margin_top1_top3_margin_mean_top3_score_mean_top5_score_min_top5_score_max_top5_score_std_top5_score_distinct_source_count_top5_distinct_document_count_top5_duplicate_source_chunk_count_top5_source_score_concentration,0.006773994548,1.0,0.88,0.27472527472527475,1.0,0.12,0.0,development
logistic_authorized_candidate_count_reranked_count_top1_score_top2_score_top3_score_top1_top2_margin_top1_top3_margin_mean_top3_score_mean_top5_score_min_top5_score_max_top5_score_std_top5_score_distinct_source_count_top5_distinct_document_count_top5_duplicate_source_chunk_count_top5_source_score_concentration,0.007271571189,1.0,0.8733333333333333,0.27624309392265195,1.0,0.12666666666666668,0.0,development
logistic_authorized_candidate_count_reranked_count_top1_score_top2_score_top3_score_top1_top2_margin_top1_top3_margin_mean_top3_score_mean_top5_score_min_top5_score_max_top5_score_std_top5_score_distinct_source_count_top5_distinct_document_count_top5_duplicate_source_chunk_count_top5_source_score_concentration,0.007493454183,1.0,0.8666666666666667,0.2777777777777778,1.0,0.13333333333333333,0.0,development
logistic_authorized_candidate_count_reranked_count_top1_score_top2_score_top3_score_top1_top2_margin_top1_top3_margin_mean_top3_score_mean_top5_score_min_top5_score_max_top5_score_std_top5_score_distinct_source_count_top5_distinct_document_count_top5_duplicate_source_chunk_count_top5_source_score_concentration,0.007669020348,1.0,0.86,0.27932960893854747,1.0,0.14,0.0,development
logistic_authorized_candidate_count_reranked_count_top1_score_top2_score_top3_score_top1_top2_margin_top1_top3_margin_mean_top3_score_mean_top5_score_min_top5_score_max_top5_score_std_top5_score_distinct_source_count_top5_distinct_document_count_top5_duplicate_source_chunk_count_top5_source_score_concentration,0.008160667041,1.0,0.8533333333333334,0.2808988764044944,1.0,0.14666666666666667,0.0,development
logistic_authorized_candidate_count_reranked_count_top1_score_top2_score_top3_score_top1_top2_margin_top1_top3_margin_mean_top3_score_mean_top5_score_min_top5_score_max_top5_score_std_top5_score_distinct_source_count_top5_distinct_document_count_top5_duplicate_source_chunk_count_top5_source_score_concentration,0.008605417171,1.0,0.8466666666666667,0.2824858757062147,1.0,0.15333333333333332,0.0,development
logistic_authorized_candidate_count_reranked_count_top1_score_top2_score_top3_score_top1_top2_margin_top1_top3_margin_mean_top3_score_mean_top5_score_min_top5_score_max_top5_score_std_top5_score_distinct_source_count_top5_distinct_document_count_top5_duplicate_source_chunk_count_top5_source_score_concentration,0.008723567574,1.0,0.84,0.2840909090909091,1.0,0.16,0.0,development
logistic_authorized_candidate_count_reranked_count_top1_score_top2_score_top3_score_top1_top2_margin_top1_top3_margin_mean_top3_score_mean_top5_score_min_top5_score_max_top5_score_std_top5_score_distinct_source_count_top5_distinct_document_count_top5_duplicate_source_chunk_count_top5_source_score_concentration,0.008768549897,1.0,0.8333333333333334,0.2857142857142857,1.0,0.16666666666666666,0.0,development
logistic_authorized_candidate_count_reranked_count_top1_score_top2_score_top3_score_top1_top2_margin_top1_top3_margin_mean_top3_score_mean_top5_score_min_top5_score_max_top5_score_std_top5_score_distinct_source_count_top5_distinct_document_count_top5_duplicate_source_chunk_count_top5_source_score_concentration,0.009662648221,1.0,0.8266666666666667,0.28735632183908044,1.0,0.17333333333333334,0.0,development
logistic_authorized_candidate_count_reranked_count_top1_score_top2_score_top3_score_top1_top2_margin_top1_top3_margin_mean_top3_score_mean_top5_score_min_top5_score_max_top5_score_std_top5_score_distinct_source_count_top5_distinct_document_count_top5_duplicate_source_chunk_count_top5_source_score_concentration,0.009710086875,1.0,0.82,0.28901734104046245,1.0,0.18,0.0,development
logistic_authorized_candidate_count_reranked_count_top1_score_top2_score_top3_score_top1_top2_margin_top1_top3_margin_mean_top3_score_mean_top5_score_min_top5_score_max_top5_score_std_top5_score_distinct_source_count_top5_distinct_document_count_top5_duplicate_source_chunk_count_top5_source_score_concentration,0.010047879494,1.0,0.8133333333333334,0.29069767441860467,1.0,0.18666666666666668,0.0,development
logistic_authorized_candidate_count_reranked_count_top1_score_top2_score_top3_score_top1_top2_margin_top1_top3_margin_mean_top3_score_mean_top5_score_min_top5_score_max_top5_score_std_top5_score_distinct_source_count_top5_distinct_document_count_top5_duplicate_source_chunk_count_top5_source_score_concentration,0.010913831145,1.0,0.8066666666666666,0.29239766081871343,1.0,0.19333333333333333,0.0,development
logistic_authorized_candidate_count_reranked_count_top1_score_top2_score_top3_score_top1_top2_margin_top1_top3_margin_mean_top3_score_mean_top5_score_min_top5_score_max_top5_score_std_top5_score_distinct_source_count_top5_distinct_document_count_top5_duplicate_source_chunk_count_top5_source_score_concentration,0.011582162554,1.0,0.8,0.29411764705882354,1.0,0.2,0.0,development
logistic_authorized_candidate_count_reranked_count_top1_score_top2_score_top3_score_top1_top2_margin_top1_top3_margin_mean_top3_score_mean_top5_score_min_top5_score_max_top5_score_std_top5_score_distinct_source_count_top5_distinct_document_count_top5_duplicate_source_chunk_count_top5_source_score_concentration,0.012027228521,1.0,0.7933333333333333,0.2958579881656805,1.0,0.20666666666666667,0.0,development
logistic_authorized_candidate_count_reranked_count_top1_score_top2_score_top3_score_top1_top2_margin_top1_top3_margin_mean_top3_score_mean_top5_score_min_top5_score_max_top5_score_std_top5_score_distinct_source_count_top5_distinct_document_count_top5_duplicate_source_chunk_count_top5_source_score_concentration,0.012078599605,1.0,0.7866666666666666,0.2976190476190476,1.0,0.21333333333333335,0.0,development
logistic_authorized_candidate_count_reranked_count_top1_score_top2_score_top3_score_top1_top2_margin_top1_top3_margin_mean_top3_score_mean_top5_score_min_top5_score_max_top5_score_std_top5_score_distinct_source_count_top5_distinct_document_count_top5_duplicate_source_chunk_count_top5_source_score_concentration,0.012582576266,1.0,0.78,0.2994011976047904,1.0,0.22,0.0,development
logistic_authorized_candidate_count_reranked_count_top1_score_top2_score_top3_score_top1_top2_margin_top1_top3_margin_mean_top3_score_mean_top5_score_min_top5_score_max_top5_score_std_top5_score_distinct_source_count_top5_distinct_document_count_top5_duplicate_source_chunk_count_top5_source_score_concentration,0.012612025197,1.0,0.7733333333333333,0.30120481927710846,1.0,0.22666666666666666,0.0,development
logistic_authorized_candidate_count_reranked_count_top1_score_top2_score_top3_score_top1_top2_margin_top1_top3_margin_mean_top3_score_mean_top5_score_min_top5_score_max_top5_score_std_top5_score_distinct_source_count_top5_distinct_document_count_top5_duplicate_source_chunk_count_top5_source_score_concentration,0.012665568881,1.0,0.7666666666666667,0.30303030303030304,1.0,0.23333333333333334,0.0,development
logistic_authorized_candidate_count_reranked_count_top1_score_top2_score_top3_score_top1_top2_margin_top1_top3_margin_mean_top3_score_mean_top5_score_min_top5_score_max_top5_score_std_top5_score_distinct_source_count_top5_distinct_document_count_top5_duplicate_source_chunk_count_top5_source_score_concentration,0.014584523434,1.0,0.76,0.3048780487804878,1.0,0.24,0.0,development
logistic_authorized_candidate_count_reranked_count_top1_score_top2_score_top3_score_top1_top2_margin_top1_top3_margin_mean_top3_score_mean_top5_score_min_top5_score_max_top5_score_std_top5_score_distinct_source_count_top5_distinct_document_count_top5_duplicate_source_chunk_count_top5_source_score_concentration,0.014713168877,1.0,0.7533333333333333,0.3067484662576687,1.0,0.24666666666666667,0.0,development
logistic_authorized_candidate_count_reranked_count_top1_score_top2_score_top3_score_top1_top2_margin_top1_top3_margin_mean_top3_score_mean_top5_score_min_top5_score_max_top5_score_std_top5_score_distinct_source_count_top5_distinct_document_count_top5_duplicate_source_chunk_count_top5_source_score_concentration,0.014868985472,1.0,0.7466666666666667,0.30864197530864196,1.0,0.25333333333333335,0.0,development
logistic_authorized_candidate_count_reranked_count_top1_score_top2_score_top3_score_top1_top2_margin_top1_top3_margin_mean_top3_score_mean_top5_score_min_top5_score_max_top5_score_std_top5_score_distinct_source_count_top5_distinct_document_count_top5_duplicate_source_chunk_count_top5_source_score_concentration,0.015942535593,1.0,0.74,0.3105590062111801,1.0,0.26,0.0,development
logistic_authorized_candidate_count_reranked_count_top1_score_top2_score_top3_score_top1_top2_margin_top1_top3_margin_mean_top3_score_mean_top5_score_min_top5_score_max_top5_score_std_top5_score_distinct_source_count_top5_distinct_document_count_top5_duplicate_source_chunk_count_top5_source_score_concentration,0.016122729071,0.98,0.74,0.30625,0.98,0.26,0.02,development
logistic_authorized_candidate_count_reranked_count_top1_score_top2_score_top3_score_top1_top2_margin_top1_top3_margin_mean_top3_score_mean_top5_score_min_top5_score_max_top5_score_std_top5_score_distinct_source_count_top5_distinct_document_count_top5_duplicate_source_chunk_count_top5_source_score_concentration,0.016531743585,0.98,0.7333333333333333,0.3081761006289308,0.98,0.26666666666666666,0.02,development
logistic_authorized_candidate_count_reranked_count_top1_score_top2_score_top3_score_top1_top2_margin_top1_top3_margin_mean_top3_score_mean_top5_score_min_top5_score_max_top5_score_std_top5_score_distinct_source_count_top5_distinct_document_count_top5_duplicate_source_chunk_count_top5_source_score_concentration,0.016822477006,0.98,0.7266666666666667,0.310126582278481,0.98,0.2733333333333333,0.02,development
logistic_authorized_candidate_count_reranked_count_top1_score_top2_score_top3_score_top1_top2_margin_top1_top3_margin_mean_top3_score_mean_top5_score_min_top5_score_max_top5_score_std_top5_score_distinct_source_count_top5_distinct_document_count_top5_duplicate_source_chunk_count_top5_source_score_concentration,0.016826469566,0.98,0.72,0.31210191082802546,0.98,0.28,0.02,development
logistic_authorized_candidate_count_reranked_count_top1_score_top2_score_top3_score_top1_top2_margin_top1_top3_margin_mean_top3_score_mean_top5_score_min_top5_score_max_top5_score_std_top5_score_distinct_source_count_top5_distinct_document_count_top5_duplicate_source_chunk_count_top5_source_score_concentration,0.017156706034,0.98,0.7133333333333334,0.3141025641025641,0.98,0.2866666666666667,0.02,development
logistic_authorized_candidate_count_reranked_count_top1_score_top2_score_top3_score_top1_top2_margin_top1_top3_margin_mean_top3_score_mean_top5_score_min_top5_score_max_top5_score_std_top5_score_distinct_source_count_top5_distinct_document_count_top5_duplicate_source_chunk_count_top5_source_score_concentration,0.017914218816,0.98,0.7066666666666667,0.3161290322580645,0.98,0.29333333333333333,0.02,development
logistic_authorized_candidate_count_reranked_count_top1_score_top2_score_top3_score_top1_top2_margin_top1_top3_margin_mean_top3_score_mean_top5_score_min_top5_score_max_top5_score_std_top5_score_distinct_source_count_top5_distinct_document_count_top5_duplicate_source_chunk_count_top5_source_score_concentration,0.018174375759,0.98,0.7,0.3181818181818182,0.98,0.3,0.02,development
logistic_authorized_candidate_count_reranked_count_top1_score_top2_score_top3_score_top1_top2_margin_top1_top3_margin_mean_top3_score_mean_top5_score_min_top5_score_max_top5_score_std_top5_score_distinct_source_count_top5_distinct_document_count_top5_duplicate_source_chunk_count_top5_source_score_concentration,0.020580353826,0.98,0.6933333333333334,0.3202614379084967,0.98,0.30666666666666664,0.02,development
logistic_authorized_candidate_count_reranked_count_top1_score_top2_score_top3_score_top1_top2_margin_top1_top3_margin_mean_top3_score_mean_top5_score_min_top5_score_max_top5_score_std_top5_score_distinct_source_count_top5_distinct_document_count_top5_duplicate_source_chunk_count_top5_source_score_concentration,0.020839445241,0.96,0.6933333333333334,0.3157894736842105,0.96,0.30666666666666664,0.04,development
logistic_authorized_candidate_count_reranked_count_top1_score_top2_score_top3_score_top1_top2_margin_top1_top3_margin_mean_top3_score_mean_top5_score_min_top5_score_max_top5_score_std_top5_score_distinct_source_count_top5_distinct_document_count_top5_duplicate_source_chunk_count_top5_source_score_concentration,0.020926818311,0.96,0.6866666666666666,0.31788079470198677,0.96,0.31333333333333335,0.04,development
logistic_authorized_candidate_count_reranked_count_top1_score_top2_score_top3_score_top1_top2_margin_top1_top3_margin_mean_top3_score_mean_top5_score_min_top5_score_max_top5_score_std_top5_score_distinct_source_count_top5_distinct_document_count_top5_duplicate_source_chunk_count_top5_source_score_concentration,0.022525095217,0.96,0.68,0.32,0.96,0.32,0.04,development
logistic_authorized_candidate_count_reranked_count_top1_score_top2_score_top3_score_top1_top2_margin_top1_top3_margin_mean_top3_score_mean_top5_score_min_top5_score_max_top5_score_std_top5_score_distinct_source_count_top5_distinct_document_count_top5_duplicate_source_chunk_count_top5_source_score_concentration,0.023129259308,0.96,0.6733333333333333,0.3221476510067114,0.96,0.32666666666666666,0.04,development
logistic_authorized_candidate_count_reranked_count_top1_score_top2_score_top3_score_top1_top2_margin_top1_top3_margin_mean_top3_score_mean_top5_score_min_top5_score_max_top5_score_std_top5_score_distinct_source_count_top5_distinct_document_count_top5_duplicate_source_chunk_count_top5_source_score_concentration,0.023612356729,0.96,0.6666666666666666,0.32432432432432434,0.96,0.3333333333333333,0.04,development
logistic_authorized_candidate_count_reranked_count_top1_score_top2_score_top3_score_top1_top2_margin_top1_top3_margin_mean_top3_score_mean_top5_score_min_top5_score_max_top5_score_std_top5_score_distinct_source_count_top5_distinct_document_count_top5_duplicate_source_chunk_count_top5_source_score_concentration,0.023640197308,0.96,0.66,0.32653061224489793,0.96,0.34,0.04,development
logistic_authorized_candidate_count_reranked_count_top1_score_top2_score_top3_score_top1_top2_margin_top1_top3_margin_mean_top3_score_mean_top5_score_min_top5_score_max_top5_score_std_top5_score_distinct_source_count_top5_distinct_document_count_top5_duplicate_source_chunk_count_top5_source_score_concentration,0.024035141479,0.96,0.6533333333333333,0.3287671232876712,0.96,0.3466666666666667,0.04,development
logistic_authorized_candidate_count_reranked_count_top1_score_top2_score_top3_score_top1_top2_margin_top1_top3_margin_mean_top3_score_mean_top5_score_min_top5_score_max_top5_score_std_top5_score_distinct_source_count_top5_distinct_document_count_top5_duplicate_source_chunk_count_top5_source_score_concentration,0.024409176887,0.96,0.6466666666666666,0.3310344827586207,0.96,0.35333333333333333,0.04,development
logistic_authorized_candidate_count_reranked_count_top1_score_top2_score_top3_score_top1_top2_margin_top1_top3_margin_mean_top3_score_mean_top5_score_min_top5_score_max_top5_score_std_top5_score_distinct_source_count_top5_distinct_document_count_top5_duplicate_source_chunk_count_top5_source_score_concentration,0.024562116904,0.96,0.64,0.3333333333333333,0.96,0.36,0.04,development
logistic_authorized_candidate_count_reranked_count_top1_score_top2_score_top3_score_top1_top2_margin_top1_top3_margin_mean_top3_score_mean_top5_score_min_top5_score_max_top5_score_std_top5_score_distinct_source_count_top5_distinct_document_count_top5_duplicate_source_chunk_count_top5_source_score_concentration,0.025848377308,0.96,0.6333333333333333,0.3356643356643357,0.96,0.36666666666666664,0.04,development
logistic_authorized_candidate_count_reranked_count_top1_score_top2_score_top3_score_top1_top2_margin_top1_top3_margin_mean_top3_score_mean_top5_score_min_top5_score_max_top5_score_std_top5_score_distinct_source_count_top5_distinct_document_count_top5_duplicate_source_chunk_count_top5_source_score_concentration,0.025927841962,0.96,0.6266666666666667,0.3380281690140845,0.96,0.37333333333333335,0.04,development
logistic_authorized_candidate_count_reranked_count_top1_score_top2_score_top3_score_top1_top2_margin_top1_top3_margin_mean_top3_score_mean_top5_score_min_top5_score_max_top5_score_std_top5_score_distinct_source_count_top5_distinct_document_count_top5_duplicate_source_chunk_count_top5_source_score_concentration,0.02633524135,0.96,0.62,0.3404255319148936,0.96,0.38,0.04,development
logistic_authorized_candidate_count_reranked_count_top1_score_top2_score_top3_score_top1_top2_margin_top1_top3_margin_mean_top3_score_mean_top5_score_min_top5_score_max_top5_score_std_top5_score_distinct_source_count_top5_distinct_document_count_top5_duplicate_source_chunk_count_top5_source_score_concentration,0.0266674435,0.96,0.6133333333333333,0.34285714285714286,0.96,0.38666666666666666,0.04,development
logistic_authorized_candidate_count_reranked_count_top1_score_top2_score_top3_score_top1_top2_margin_top1_top3_margin_mean_top3_score_mean_top5_score_min_top5_score_max_top5_score_std_top5_score_distinct_source_count_top5_distinct_document_count_top5_duplicate_source_chunk_count_top5_source_score_concentration,0.027271599293,0.96,0.6066666666666667,0.34532374100719426,0.96,0.3933333333333333,0.04,development
logistic_authorized_candidate_count_reranked_count_top1_score_top2_score_top3_score_top1_top2_margin_top1_top3_margin_mean_top3_score_mean_top5_score_min_top5_score_max_top5_score_std_top5_score_distinct_source_count_top5_distinct_document_count_top5_duplicate_source_chunk_count_top5_source_score_concentration,0.027842687161,0.96,0.6,0.34782608695652173,0.96,0.4,0.04,development
logistic_authorized_candidate_count_reranked_count_top1_score_top2_score_top3_score_top1_top2_margin_top1_top3_margin_mean_top3_score_mean_top5_score_min_top5_score_max_top5_score_std_top5_score_distinct_source_count_top5_distinct_document_count_top5_duplicate_source_chunk_count_top5_source_score_concentration,0.028269403655,0.96,0.5933333333333334,0.35036496350364965,0.96,0.4066666666666667,0.04,development
logistic_authorized_candidate_count_reranked_count_top1_score_top2_score_top3_score_top1_top2_margin_top1_top3_margin_mean_top3_score_mean_top5_score_min_top5_score_max_top5_score_std_top5_score_distinct_source_count_top5_distinct_document_count_top5_duplicate_source_chunk_count_top5_source_score_concentration,0.030967361033,0.96,0.5866666666666667,0.35294117647058826,0.96,0.41333333333333333,0.04,development
logistic_authorized_candidate_count_reranked_count_top1_score_top2_score_top3_score_top1_top2_margin_top1_top3_margin_mean_top3_score_mean_top5_score_min_top5_score_max_top5_score_std_top5_score_distinct_source_count_top5_distinct_document_count_top5_duplicate_source_chunk_count_top5_source_score_concentration,0.033842051966,0.96,0.58,0.35555555555555557,0.96,0.42,0.04,development
logistic_authorized_candidate_count_reranked_count_top1_score_top2_score_top3_score_top1_top2_margin_top1_top3_margin_mean_top3_score_mean_top5_score_min_top5_score_max_top5_score_std_top5_score_distinct_source_count_top5_distinct_document_count_top5_duplicate_source_chunk_count_top5_source_score_concentration,0.034634865692,0.96,0.5733333333333334,0.3582089552238806,0.96,0.4266666666666667,0.04,development
logistic_authorized_candidate_count_reranked_count_top1_score_top2_score_top3_score_top1_top2_margin_top1_top3_margin_mean_top3_score_mean_top5_score_min_top5_score_max_top5_score_std_top5_score_distinct_source_count_top5_distinct_document_count_top5_duplicate_source_chunk_count_top5_source_score_concentration,0.037703096257,0.96,0.5666666666666667,0.3609022556390977,0.96,0.43333333333333335,0.04,development
logistic_authorized_candidate_count_reranked_count_top1_score_top2_score_top3_score_top1_top2_margin_top1_top3_margin_mean_top3_score_mean_top5_score_min_top5_score_max_top5_score_std_top5_score_distinct_source_count_top5_distinct_document_count_top5_duplicate_source_chunk_count_top5_source_score_concentration,0.037949451813,0.96,0.56,0.36363636363636365,0.96,0.44,0.04,development
logistic_authorized_candidate_count_reranked_count_top1_score_top2_score_top3_score_top1_top2_margin_top1_top3_margin_mean_top3_score_mean_top5_score_min_top5_score_max_top5_score_std_top5_score_distinct_source_count_top5_distinct_document_count_top5_duplicate_source_chunk_count_top5_source_score_concentration,0.038901949924,0.96,0.5533333333333333,0.366412213740458,0.96,0.44666666666666666,0.04,development
logistic_authorized_candidate_count_reranked_count_top1_score_top2_score_top3_score_top1_top2_margin_top1_top3_margin_mean_top3_score_mean_top5_score_min_top5_score_max_top5_score_std_top5_score_distinct_source_count_top5_distinct_document_count_top5_duplicate_source_chunk_count_top5_source_score_concentration,0.042519549439,0.96,0.5466666666666666,0.36923076923076925,0.96,0.4533333333333333,0.04,development
logistic_authorized_candidate_count_reranked_count_top1_score_top2_score_top3_score_top1_top2_margin_top1_top3_margin_mean_top3_score_mean_top5_score_min_top5_score_max_top5_score_std_top5_score_distinct_source_count_top5_distinct_document_count_top5_duplicate_source_chunk_count_top5_source_score_concentration,0.047987919802,0.96,0.54,0.37209302325581395,0.96,0.46,0.04,development
logistic_authorized_candidate_count_reranked_count_top1_score_top2_score_top3_score_top1_top2_margin_top1_top3_margin_mean_top3_score_mean_top5_score_min_top5_score_max_top5_score_std_top5_score_distinct_source_count_top5_distinct_document_count_top5_duplicate_source_chunk_count_top5_source_score_concentration,0.049014671596,0.96,0.5333333333333333,0.375,0.96,0.4666666666666667,0.04,development
logistic_authorized_candidate_count_reranked_count_top1_score_top2_score_top3_score_top1_top2_margin_top1_top3_margin_mean_top3_score_mean_top5_score_min_top5_score_max_top5_score_std_top5_score_distinct_source_count_top5_distinct_document_count_top5_duplicate_source_chunk_count_top5_source_score_concentration,0.049185213418,0.96,0.5266666666666666,0.3779527559055118,0.96,0.47333333333333333,0.04,development
logistic_authorized_candidate_count_reranked_count_top1_score_top2_score_top3_score_top1_top2_margin_top1_top3_margin_mean_top3_score_mean_top5_score_min_top5_score_max_top5_score_std_top5_score_distinct_source_count_top5_distinct_document_count_top5_duplicate_source_chunk_count_top5_source_score_concentration,0.052198495214,0.96,0.52,0.38095238095238093,0.96,0.48,0.04,development
logistic_authorized_candidate_count_reranked_count_top1_score_top2_score_top3_score_top1_top2_margin_top1_top3_margin_mean_top3_score_mean_top5_score_min_top5_score_max_top5_score_std_top5_score_distinct_source_count_top5_distinct_document_count_top5_duplicate_source_chunk_count_top5_source_score_concentration,0.055481708265,0.96,0.5133333333333333,0.384,0.96,0.4866666666666667,0.04,development
logistic_authorized_candidate_count_reranked_count_top1_score_top2_score_top3_score_top1_top2_margin_top1_top3_margin_mean_top3_score_mean_top5_score_min_top5_score_max_top5_score_std_top5_score_distinct_source_count_top5_distinct_document_count_top5_duplicate_source_chunk_count_top5_source_score_concentration,0.056766253715,0.94,0.5133333333333333,0.3790322580645161,0.94,0.4866666666666667,0.06,development
logistic_authorized_candidate_count_reranked_count_top1_score_top2_score_top3_score_top1_top2_margin_top1_top3_margin_mean_top3_score_mean_top5_score_min_top5_score_max_top5_score_std_top5_score_distinct_source_count_top5_distinct_document_count_top5_duplicate_source_chunk_count_top5_source_score_concentration,0.058724870887,0.94,0.5066666666666667,0.3821138211382114,0.94,0.49333333333333335,0.06,development
logistic_authorized_candidate_count_reranked_count_top1_score_top2_score_top3_score_top1_top2_margin_top1_top3_margin_mean_top3_score_mean_top5_score_min_top5_score_max_top5_score_std_top5_score_distinct_source_count_top5_distinct_document_count_top5_duplicate_source_chunk_count_top5_source_score_concentration,0.058754671471,0.94,0.5,0.38524590163934425,0.94,0.5,0.06,development
logistic_authorized_candidate_count_reranked_count_top1_score_top2_score_top3_score_top1_top2_margin_top1_top3_margin_mean_top3_score_mean_top5_score_min_top5_score_max_top5_score_std_top5_score_distinct_source_count_top5_distinct_document_count_top5_duplicate_source_chunk_count_top5_source_score_concentration,0.060431691697,0.94,0.49333333333333335,0.3884297520661157,0.94,0.5066666666666667,0.06,development
logistic_authorized_candidate_count_reranked_count_top1_score_top2_score_top3_score_top1_top2_margin_top1_top3_margin_mean_top3_score_mean_top5_score_min_top5_score_max_top5_score_std_top5_score_distinct_source_count_top5_distinct_document_count_top5_duplicate_source_chunk_count_top5_source_score_concentration,0.063156167657,0.94,0.4866666666666667,0.39166666666666666,0.94,0.5133333333333333,0.06,development
logistic_authorized_candidate_count_reranked_count_top1_score_top2_score_top3_score_top1_top2_margin_top1_top3_margin_mean_top3_score_mean_top5_score_min_top5_score_max_top5_score_std_top5_score_distinct_source_count_top5_distinct_document_count_top5_duplicate_source_chunk_count_top5_source_score_concentration,0.067594800199,0.94,0.48,0.3949579831932773,0.94,0.52,0.06,development
logistic_authorized_candidate_count_reranked_count_top1_score_top2_score_top3_score_top1_top2_margin_top1_top3_margin_mean_top3_score_mean_top5_score_min_top5_score_max_top5_score_std_top5_score_distinct_source_count_top5_distinct_document_count_top5_duplicate_source_chunk_count_top5_source_score_concentration,0.06814429194,0.94,0.47333333333333333,0.3983050847457627,0.94,0.5266666666666666,0.06,development
logistic_authorized_candidate_count_reranked_count_top1_score_top2_score_top3_score_top1_top2_margin_top1_top3_margin_mean_top3_score_mean_top5_score_min_top5_score_max_top5_score_std_top5_score_distinct_source_count_top5_distinct_document_count_top5_duplicate_source_chunk_count_top5_source_score_concentration,0.06988441201,0.92,0.47333333333333333,0.39316239316239315,0.92,0.5266666666666666,0.08,development
logistic_authorized_candidate_count_reranked_count_top1_score_top2_score_top3_score_top1_top2_margin_top1_top3_margin_mean_top3_score_mean_top5_score_min_top5_score_max_top5_score_std_top5_score_distinct_source_count_top5_distinct_document_count_top5_duplicate_source_chunk_count_top5_source_score_concentration,0.077574561909,0.92,0.4666666666666667,0.39655172413793105,0.92,0.5333333333333333,0.08,development
logistic_authorized_candidate_count_reranked_count_top1_score_top2_score_top3_score_top1_top2_margin_top1_top3_margin_mean_top3_score_mean_top5_score_min_top5_score_max_top5_score_std_top5_score_distinct_source_count_top5_distinct_document_count_top5_duplicate_source_chunk_count_top5_source_score_concentration,0.080979647319,0.92,0.46,0.4,0.92,0.54,0.08,development
logistic_authorized_candidate_count_reranked_count_top1_score_top2_score_top3_score_top1_top2_margin_top1_top3_margin_mean_top3_score_mean_top5_score_min_top5_score_max_top5_score_std_top5_score_distinct_source_count_top5_distinct_document_count_top5_duplicate_source_chunk_count_top5_source_score_concentration,0.082313221108,0.92,0.4533333333333333,0.40350877192982454,0.92,0.5466666666666666,0.08,development
logistic_authorized_candidate_count_reranked_count_top1_score_top2_score_top3_score_top1_top2_margin_top1_top3_margin_mean_top3_score_mean_top5_score_min_top5_score_max_top5_score_std_top5_score_distinct_source_count_top5_distinct_document_count_top5_duplicate_source_chunk_count_top5_source_score_concentration,0.085860301289,0.92,0.44666666666666666,0.40707964601769914,0.92,0.5533333333333333,0.08,development
logistic_authorized_candidate_count_reranked_count_top1_score_top2_score_top3_score_top1_top2_margin_top1_top3_margin_mean_top3_score_mean_top5_score_min_top5_score_max_top5_score_std_top5_score_distinct_source_count_top5_distinct_document_count_top5_duplicate_source_chunk_count_top5_source_score_concentration,0.085964227248,0.92,0.44,0.4107142857142857,0.92,0.56,0.08,development
logistic_authorized_candidate_count_reranked_count_top1_score_top2_score_top3_score_top1_top2_margin_top1_top3_margin_mean_top3_score_mean_top5_score_min_top5_score_max_top5_score_std_top5_score_distinct_source_count_top5_distinct_document_count_top5_duplicate_source_chunk_count_top5_source_score_concentration,0.092933320625,0.92,0.43333333333333335,0.4144144144144144,0.92,0.5666666666666667,0.08,development
logistic_authorized_candidate_count_reranked_count_top1_score_top2_score_top3_score_top1_top2_margin_top1_top3_margin_mean_top3_score_mean_top5_score_min_top5_score_max_top5_score_std_top5_score_distinct_source_count_top5_distinct_document_count_top5_duplicate_source_chunk_count_top5_source_score_concentration,0.103544078746,0.92,0.4266666666666667,0.41818181818181815,0.92,0.5733333333333334,0.08,development
logistic_authorized_candidate_count_reranked_count_top1_score_top2_score_top3_score_top1_top2_margin_top1_top3_margin_mean_top3_score_mean_top5_score_min_top5_score_max_top5_score_std_top5_score_distinct_source_count_top5_distinct_document_count_top5_duplicate_source_chunk_count_top5_source_score_concentration,0.106474065088,0.92,0.42,0.42201834862385323,0.92,0.58,0.08,development
logistic_authorized_candidate_count_reranked_count_top1_score_top2_score_top3_score_top1_top2_margin_top1_top3_margin_mean_top3_score_mean_top5_score_min_top5_score_max_top5_score_std_top5_score_distinct_source_count_top5_distinct_document_count_top5_duplicate_source_chunk_count_top5_source_score_concentration,0.108444765802,0.92,0.41333333333333333,0.42592592592592593,0.92,0.5866666666666667,0.08,development
logistic_authorized_candidate_count_reranked_count_top1_score_top2_score_top3_score_top1_top2_margin_top1_top3_margin_mean_top3_score_mean_top5_score_min_top5_score_max_top5_score_std_top5_score_distinct_source_count_top5_distinct_document_count_top5_duplicate_source_chunk_count_top5_source_score_concentration,0.111881404525,0.92,0.4066666666666667,0.42990654205607476,0.92,0.5933333333333334,0.08,development
logistic_authorized_candidate_count_reranked_count_top1_score_top2_score_top3_score_top1_top2_margin_top1_top3_margin_mean_top3_score_mean_top5_score_min_top5_score_max_top5_score_std_top5_score_distinct_source_count_top5_distinct_document_count_top5_duplicate_source_chunk_count_top5_source_score_concentration,0.114786867575,0.92,0.4,0.4339622641509434,0.92,0.6,0.08,development
logistic_authorized_candidate_count_reranked_count_top1_score_top2_score_top3_score_top1_top2_margin_top1_top3_margin_mean_top3_score_mean_top5_score_min_top5_score_max_top5_score_std_top5_score_distinct_source_count_top5_distinct_document_count_top5_duplicate_source_chunk_count_top5_source_score_concentration,0.120869708231,0.92,0.3933333333333333,0.4380952380952381,0.92,0.6066666666666667,0.08,development
logistic_authorized_candidate_count_reranked_count_top1_score_top2_score_top3_score_top1_top2_margin_top1_top3_margin_mean_top3_score_mean_top5_score_min_top5_score_max_top5_score_std_top5_score_distinct_source_count_top5_distinct_document_count_top5_duplicate_source_chunk_count_top5_source_score_concentration,0.125595388754,0.92,0.38666666666666666,0.4423076923076923,0.92,0.6133333333333333,0.08,development
logistic_authorized_candidate_count_reranked_count_top1_score_top2_score_top3_score_top1_top2_margin_top1_top3_margin_mean_top3_score_mean_top5_score_min_top5_score_max_top5_score_std_top5_score_distinct_source_count_top5_distinct_document_count_top5_duplicate_source_chunk_count_top5_source_score_concentration,0.127906014336,0.92,0.38,0.44660194174757284,0.92,0.62,0.08,development
logistic_authorized_candidate_count_reranked_count_top1_score_top2_score_top3_score_top1_top2_margin_top1_top3_margin_mean_top3_score_mean_top5_score_min_top5_score_max_top5_score_std_top5_score_distinct_source_count_top5_distinct_document_count_top5_duplicate_source_chunk_count_top5_source_score_concentration,0.137870572338,0.92,0.37333333333333335,0.45098039215686275,0.92,0.6266666666666667,0.08,development
logistic_authorized_candidate_count_reranked_count_top1_score_top2_score_top3_score_top1_top2_margin_top1_top3_margin_mean_top3_score_mean_top5_score_min_top5_score_max_top5_score_std_top5_score_distinct_source_count_top5_distinct_document_count_top5_duplicate_source_chunk_count_top5_source_score_concentration,0.140906062767,0.92,0.36666666666666664,0.45544554455445546,0.92,0.6333333333333333,0.08,development
logistic_authorized_candidate_count_reranked_count_top1_score_top2_score_top3_score_top1_top2_margin_top1_top3_margin_mean_top3_score_mean_top5_score_min_top5_score_max_top5_score_std_top5_score_distinct_source_count_top5_distinct_document_count_top5_duplicate_source_chunk_count_top5_source_score_concentration,0.141664009257,0.92,0.36,0.46,0.92,0.64,0.08,development
logistic_authorized_candidate_count_reranked_count_top1_score_top2_score_top3_score_top1_top2_margin_top1_top3_margin_mean_top3_score_mean_top5_score_min_top5_score_max_top5_score_std_top5_score_distinct_source_count_top5_distinct_document_count_top5_duplicate_source_chunk_count_top5_source_score_concentration,0.171599538141,0.92,0.35333333333333333,0.46464646464646464,0.92,0.6466666666666666,0.08,development
logistic_authorized_candidate_count_reranked_count_top1_score_top2_score_top3_score_top1_top2_margin_top1_top3_margin_mean_top3_score_mean_top5_score_min_top5_score_max_top5_score_std_top5_score_distinct_source_count_top5_distinct_document_count_top5_duplicate_source_chunk_count_top5_source_score_concentration,0.171638091813,0.92,0.3466666666666667,0.46938775510204084,0.92,0.6533333333333333,0.08,development
logistic_authorized_candidate_count_reranked_count_top1_score_top2_score_top3_score_top1_top2_margin_top1_top3_margin_mean_top3_score_mean_top5_score_min_top5_score_max_top5_score_std_top5_score_distinct_source_count_top5_distinct_document_count_top5_duplicate_source_chunk_count_top5_source_score_concentration,0.191174718992,0.92,0.34,0.4742268041237113,0.92,0.66,0.08,development
logistic_authorized_candidate_count_reranked_count_top1_score_top2_score_top3_score_top1_top2_margin_top1_top3_margin_mean_top3_score_mean_top5_score_min_top5_score_max_top5_score_std_top5_score_distinct_source_count_top5_distinct_document_count_top5_duplicate_source_chunk_count_top5_source_score_concentration,0.197406303227,0.92,0.3333333333333333,0.4791666666666667,0.92,0.6666666666666666,0.08,development
logistic_authorized_candidate_count_reranked_count_top1_score_top2_score_top3_score_top1_top2_margin_top1_top3_margin_mean_top3_score_mean_top5_score_min_top5_score_max_top5_score_std_top5_score_distinct_source_count_top5_distinct_document_count_top5_duplicate_source_chunk_count_top5_source_score_concentration,0.209420873433,0.92,0.32666666666666666,0.4842105263157895,0.92,0.6733333333333333,0.08,development
logistic_authorized_candidate_count_reranked_count_top1_score_top2_score_top3_score_top1_top2_margin_top1_top3_margin_mean_top3_score_mean_top5_score_min_top5_score_max_top5_score_std_top5_score_distinct_source_count_top5_distinct_document_count_top5_duplicate_source_chunk_count_top5_source_score_concentration,0.210058330111,0.92,0.32,0.48936170212765956,0.92,0.68,0.08,development
logistic_authorized_candidate_count_reranked_count_top1_score_top2_score_top3_score_top1_top2_margin_top1_top3_margin_mean_top3_score_mean_top5_score_min_top5_score_max_top5_score_std_top5_score_distinct_source_count_top5_distinct_document_count_top5_duplicate_source_chunk_count_top5_source_score_concentration,0.210960809242,0.92,0.31333333333333335,0.4946236559139785,0.92,0.6866666666666666,0.08,development
logistic_authorized_candidate_count_reranked_count_top1_score_top2_score_top3_score_top1_top2_margin_top1_top3_margin_mean_top3_score_mean_top5_score_min_top5_score_max_top5_score_std_top5_score_distinct_source_count_top5_distinct_document_count_top5_duplicate_source_chunk_count_top5_source_score_concentration,0.217792428459,0.92,0.30666666666666664,0.5,0.92,0.6933333333333334,0.08,development
logistic_authorized_candidate_count_reranked_count_top1_score_top2_score_top3_score_top1_top2_margin_top1_top3_margin_mean_top3_score_mean_top5_score_min_top5_score_max_top5_score_std_top5_score_distinct_source_count_top5_distinct_document_count_top5_duplicate_source_chunk_count_top5_source_score_concentration,0.222697059689,0.92,0.3,0.5054945054945055,0.92,0.7,0.08,development
logistic_authorized_candidate_count_reranked_count_top1_score_top2_score_top3_score_top1_top2_margin_top1_top3_margin_mean_top3_score_mean_top5_score_min_top5_score_max_top5_score_std_top5_score_distinct_source_count_top5_distinct_document_count_top5_duplicate_source_chunk_count_top5_source_score_concentration,0.229866823449,0.9,0.3,0.5,0.9,0.7,0.1,development
logistic_authorized_candidate_count_reranked_count_top1_score_top2_score_top3_score_top1_top2_margin_top1_top3_margin_mean_top3_score_mean_top5_score_min_top5_score_max_top5_score_std_top5_score_distinct_source_count_top5_distinct_document_count_top5_duplicate_source_chunk_count_top5_source_score_concentration,0.233909468329,0.9,0.29333333333333333,0.5056179775280899,0.9,0.7066666666666667,0.1,development
logistic_authorized_candidate_count_reranked_count_top1_score_top2_score_top3_score_top1_top2_margin_top1_top3_margin_mean_top3_score_mean_top5_score_min_top5_score_max_top5_score_std_top5_score_distinct_source_count_top5_distinct_document_count_top5_duplicate_source_chunk_count_top5_source_score_concentration,0.239581392262,0.9,0.2866666666666667,0.5113636363636364,0.9,0.7133333333333334,0.1,development
logistic_authorized_candidate_count_reranked_count_top1_score_top2_score_top3_score_top1_top2_margin_top1_top3_margin_mean_top3_score_mean_top5_score_min_top5_score_max_top5_score_std_top5_score_distinct_source_count_top5_distinct_document_count_top5_duplicate_source_chunk_count_top5_source_score_concentration,0.252684388749,0.9,0.28,0.5172413793103449,0.9,0.72,0.1,development
logistic_authorized_candidate_count_reranked_count_top1_score_top2_score_top3_score_top1_top2_margin_top1_top3_margin_mean_top3_score_mean_top5_score_min_top5_score_max_top5_score_std_top5_score_distinct_source_count_top5_distinct_document_count_top5_duplicate_source_chunk_count_top5_source_score_concentration,0.25467577017,0.88,0.28,0.5116279069767442,0.88,0.72,0.12,development
logistic_authorized_candidate_count_reranked_count_top1_score_top2_score_top3_score_top1_top2_margin_top1_top3_margin_mean_top3_score_mean_top5_score_min_top5_score_max_top5_score_std_top5_score_distinct_source_count_top5_distinct_document_count_top5_duplicate_source_chunk_count_top5_source_score_concentration,0.258082393144,0.88,0.2733333333333333,0.5176470588235295,0.88,0.7266666666666667,0.12,development
logistic_authorized_candidate_count_reranked_count_top1_score_top2_score_top3_score_top1_top2_margin_top1_top3_margin_mean_top3_score_mean_top5_score_min_top5_score_max_top5_score_std_top5_score_distinct_source_count_top5_distinct_document_count_top5_duplicate_source_chunk_count_top5_source_score_concentration,0.261020753698,0.88,0.26666666666666666,0.5238095238095238,0.88,0.7333333333333333,0.12,development
logistic_authorized_candidate_count_reranked_count_top1_score_top2_score_top3_score_top1_top2_margin_top1_top3_margin_mean_top3_score_mean_top5_score_min_top5_score_max_top5_score_std_top5_score_distinct_source_count_top5_distinct_document_count_top5_duplicate_source_chunk_count_top5_source_score_concentration,0.266986155788,0.88,0.26,0.5301204819277109,0.88,0.74,0.12,development
logistic_authorized_candidate_count_reranked_count_top1_score_top2_score_top3_score_top1_top2_margin_top1_top3_margin_mean_top3_score_mean_top5_score_min_top5_score_max_top5_score_std_top5_score_distinct_source_count_top5_distinct_document_count_top5_duplicate_source_chunk_count_top5_source_score_concentration,0.278639578518,0.88,0.25333333333333335,0.5365853658536586,0.88,0.7466666666666667,0.12,development
logistic_authorized_candidate_count_reranked_count_top1_score_top2_score_top3_score_top1_top2_margin_top1_top3_margin_mean_top3_score_mean_top5_score_min_top5_score_max_top5_score_std_top5_score_distinct_source_count_top5_distinct_document_count_top5_duplicate_source_chunk_count_top5_source_score_concentration,0.283527343075,0.88,0.24666666666666667,0.5432098765432098,0.88,0.7533333333333333,0.12,development
logistic_authorized_candidate_count_reranked_count_top1_score_top2_score_top3_score_top1_top2_margin_top1_top3_margin_mean_top3_score_mean_top5_score_min_top5_score_max_top5_score_std_top5_score_distinct_source_count_top5_distinct_document_count_top5_duplicate_source_chunk_count_top5_source_score_concentration,0.291086076431,0.88,0.24,0.55,0.88,0.76,0.12,development
logistic_authorized_candidate_count_reranked_count_top1_score_top2_score_top3_score_top1_top2_margin_top1_top3_margin_mean_top3_score_mean_top5_score_min_top5_score_max_top5_score_std_top5_score_distinct_source_count_top5_distinct_document_count_top5_duplicate_source_chunk_count_top5_source_score_concentration,0.293428049578,0.88,0.23333333333333334,0.5569620253164557,0.88,0.7666666666666667,0.12,development
logistic_authorized_candidate_count_reranked_count_top1_score_top2_score_top3_score_top1_top2_margin_top1_top3_margin_mean_top3_score_mean_top5_score_min_top5_score_max_top5_score_std_top5_score_distinct_source_count_top5_distinct_document_count_top5_duplicate_source_chunk_count_top5_source_score_concentration,0.299742740082,0.88,0.22666666666666666,0.5641025641025641,0.88,0.7733333333333333,0.12,development
logistic_authorized_candidate_count_reranked_count_top1_score_top2_score_top3_score_top1_top2_margin_top1_top3_margin_mean_top3_score_mean_top5_score_min_top5_score_max_top5_score_std_top5_score_distinct_source_count_top5_distinct_document_count_top5_duplicate_source_chunk_count_top5_source_score_concentration,0.302949334903,0.86,0.22666666666666666,0.5584415584415584,0.86,0.7733333333333333,0.14,development
logistic_authorized_candidate_count_reranked_count_top1_score_top2_score_top3_score_top1_top2_margin_top1_top3_margin_mean_top3_score_mean_top5_score_min_top5_score_max_top5_score_std_top5_score_distinct_source_count_top5_distinct_document_count_top5_duplicate_source_chunk_count_top5_source_score_concentration,0.303502642379,0.86,0.22,0.5657894736842105,0.86,0.78,0.14,development
logistic_authorized_candidate_count_reranked_count_top1_score_top2_score_top3_score_top1_top2_margin_top1_top3_margin_mean_top3_score_mean_top5_score_min_top5_score_max_top5_score_std_top5_score_distinct_source_count_top5_distinct_document_count_top5_duplicate_source_chunk_count_top5_source_score_concentration,0.305812694469,0.86,0.21333333333333335,0.5733333333333334,0.86,0.7866666666666666,0.14,development
logistic_authorized_candidate_count_reranked_count_top1_score_top2_score_top3_score_top1_top2_margin_top1_top3_margin_mean_top3_score_mean_top5_score_min_top5_score_max_top5_score_std_top5_score_distinct_source_count_top5_distinct_document_count_top5_duplicate_source_chunk_count_top5_source_score_concentration,0.307402999999,0.86,0.20666666666666667,0.581081081081081,0.86,0.7933333333333333,0.14,development
logistic_authorized_candidate_count_reranked_count_top1_score_top2_score_top3_score_top1_top2_margin_top1_top3_margin_mean_top3_score_mean_top5_score_min_top5_score_max_top5_score_std_top5_score_distinct_source_count_top5_distinct_document_count_top5_duplicate_source_chunk_count_top5_source_score_concentration,0.313674944577,0.86,0.2,0.589041095890411,0.86,0.8,0.14,development
logistic_authorized_candidate_count_reranked_count_top1_score_top2_score_top3_score_top1_top2_margin_top1_top3_margin_mean_top3_score_mean_top5_score_min_top5_score_max_top5_score_std_top5_score_distinct_source_count_top5_distinct_document_count_top5_duplicate_source_chunk_count_top5_source_score_concentration,0.325649700362,0.86,0.19333333333333333,0.5972222222222222,0.86,0.8066666666666666,0.14,development
logistic_authorized_candidate_count_reranked_count_top1_score_top2_score_top3_score_top1_top2_margin_top1_top3_margin_mean_top3_score_mean_top5_score_min_top5_score_max_top5_score_std_top5_score_distinct_source_count_top5_distinct_document_count_top5_duplicate_source_chunk_count_top5_source_score_concentration,0.336919738454,0.86,0.18666666666666668,0.6056338028169014,0.86,0.8133333333333334,0.14,development
logistic_authorized_candidate_count_reranked_count_top1_score_top2_score_top3_score_top1_top2_margin_top1_top3_margin_mean_top3_score_mean_top5_score_min_top5_score_max_top5_score_std_top5_score_distinct_source_count_top5_distinct_document_count_top5_duplicate_source_chunk_count_top5_source_score_concentration,0.342726673129,0.86,0.18,0.6142857142857143,0.86,0.82,0.14,development
logistic_authorized_candidate_count_reranked_count_top1_score_top2_score_top3_score_top1_top2_margin_top1_top3_margin_mean_top3_score_mean_top5_score_min_top5_score_max_top5_score_std_top5_score_distinct_source_count_top5_distinct_document_count_top5_duplicate_source_chunk_count_top5_source_score_concentration,0.342837309275,0.86,0.17333333333333334,0.6231884057971014,0.86,0.8266666666666667,0.14,development
logistic_authorized_candidate_count_reranked_count_top1_score_top2_score_top3_score_top1_top2_margin_top1_top3_margin_mean_top3_score_mean_top5_score_min_top5_score_max_top5_score_std_top5_score_distinct_source_count_top5_distinct_document_count_top5_duplicate_source_chunk_count_top5_source_score_concentration,0.345102874325,0.84,0.17333333333333334,0.6176470588235294,0.84,0.8266666666666667,0.16,development
logistic_authorized_candidate_count_reranked_count_top1_score_top2_score_top3_score_top1_top2_margin_top1_top3_margin_mean_top3_score_mean_top5_score_min_top5_score_max_top5_score_std_top5_score_distinct_source_count_top5_distinct_document_count_top5_duplicate_source_chunk_count_top5_source_score_concentration,0.354162448949,0.84,0.16666666666666666,0.6268656716417911,0.84,0.8333333333333334,0.16,development
logistic_authorized_candidate_count_reranked_count_top1_score_top2_score_top3_score_top1_top2_margin_top1_top3_margin_mean_top3_score_mean_top5_score_min_top5_score_max_top5_score_std_top5_score_distinct_source_count_top5_distinct_document_count_top5_duplicate_source_chunk_count_top5_source_score_concentration,0.359019224861,0.82,0.16666666666666666,0.6212121212121212,0.82,0.8333333333333334,0.18,development
logistic_authorized_candidate_count_reranked_count_top1_score_top2_score_top3_score_top1_top2_margin_top1_top3_margin_mean_top3_score_mean_top5_score_min_top5_score_max_top5_score_std_top5_score_distinct_source_count_top5_distinct_document_count_top5_duplicate_source_chunk_count_top5_source_score_concentration,0.363395778038,0.82,0.16,0.6307692307692307,0.82,0.84,0.18,development
logistic_authorized_candidate_count_reranked_count_top1_score_top2_score_top3_score_top1_top2_margin_top1_top3_margin_mean_top3_score_mean_top5_score_min_top5_score_max_top5_score_std_top5_score_distinct_source_count_top5_distinct_document_count_top5_duplicate_source_chunk_count_top5_source_score_concentration,0.375232939832,0.82,0.15333333333333332,0.640625,0.82,0.8466666666666667,0.18,development
logistic_authorized_candidate_count_reranked_count_top1_score_top2_score_top3_score_top1_top2_margin_top1_top3_margin_mean_top3_score_mean_top5_score_min_top5_score_max_top5_score_std_top5_score_distinct_source_count_top5_distinct_document_count_top5_duplicate_source_chunk_count_top5_source_score_concentration,0.376830066604,0.82,0.14666666666666667,0.6507936507936508,0.82,0.8533333333333334,0.18,development
logistic_authorized_candidate_count_reranked_count_top1_score_top2_score_top3_score_top1_top2_margin_top1_top3_margin_mean_top3_score_mean_top5_score_min_top5_score_max_top5_score_std_top5_score_distinct_source_count_top5_distinct_document_count_top5_duplicate_source_chunk_count_top5_source_score_concentration,0.408080974433,0.8,0.14666666666666667,0.6451612903225806,0.8,0.8533333333333334,0.2,development
logistic_authorized_candidate_count_reranked_count_top1_score_top2_score_top3_score_top1_top2_margin_top1_top3_margin_mean_top3_score_mean_top5_score_min_top5_score_max_top5_score_std_top5_score_distinct_source_count_top5_distinct_document_count_top5_duplicate_source_chunk_count_top5_source_score_concentration,0.409772278423,0.8,0.14,0.6557377049180327,0.8,0.86,0.2,development
logistic_authorized_candidate_count_reranked_count_top1_score_top2_score_top3_score_top1_top2_margin_top1_top3_margin_mean_top3_score_mean_top5_score_min_top5_score_max_top5_score_std_top5_score_distinct_source_count_top5_distinct_document_count_top5_duplicate_source_chunk_count_top5_source_score_concentration,0.41375740616,0.8,0.13333333333333333,0.6666666666666666,0.8,0.8666666666666667,0.2,development
logistic_authorized_candidate_count_reranked_count_top1_score_top2_score_top3_score_top1_top2_margin_top1_top3_margin_mean_top3_score_mean_top5_score_min_top5_score_max_top5_score_std_top5_score_distinct_source_count_top5_distinct_document_count_top5_duplicate_source_chunk_count_top5_source_score_concentration,0.415266560721,0.78,0.13333333333333333,0.6610169491525424,0.78,0.8666666666666667,0.22,development
logistic_authorized_candidate_count_reranked_count_top1_score_top2_score_top3_score_top1_top2_margin_top1_top3_margin_mean_top3_score_mean_top5_score_min_top5_score_max_top5_score_std_top5_score_distinct_source_count_top5_distinct_document_count_top5_duplicate_source_chunk_count_top5_source_score_concentration,0.4159105717,0.78,0.12666666666666668,0.6724137931034483,0.78,0.8733333333333333,0.22,development
logistic_authorized_candidate_count_reranked_count_top1_score_top2_score_top3_score_top1_top2_margin_top1_top3_margin_mean_top3_score_mean_top5_score_min_top5_score_max_top5_score_std_top5_score_distinct_source_count_top5_distinct_document_count_top5_duplicate_source_chunk_count_top5_source_score_concentration,0.41943349057,0.78,0.12,0.6842105263157895,0.78,0.88,0.22,development
logistic_authorized_candidate_count_reranked_count_top1_score_top2_score_top3_score_top1_top2_margin_top1_top3_margin_mean_top3_score_mean_top5_score_min_top5_score_max_top5_score_std_top5_score_distinct_source_count_top5_distinct_document_count_top5_duplicate_source_chunk_count_top5_source_score_concentration,0.426171480668,0.78,0.11333333333333333,0.6964285714285714,0.78,0.8866666666666667,0.22,development
logistic_authorized_candidate_count_reranked_count_top1_score_top2_score_top3_score_top1_top2_margin_top1_top3_margin_mean_top3_score_mean_top5_score_min_top5_score_max_top5_score_std_top5_score_distinct_source_count_top5_distinct_document_count_top5_duplicate_source_chunk_count_top5_source_score_concentration,0.43601746758,0.76,0.11333333333333333,0.6909090909090909,0.76,0.8866666666666667,0.24,development
logistic_authorized_candidate_count_reranked_count_top1_score_top2_score_top3_score_top1_top2_margin_top1_top3_margin_mean_top3_score_mean_top5_score_min_top5_score_max_top5_score_std_top5_score_distinct_source_count_top5_distinct_document_count_top5_duplicate_source_chunk_count_top5_source_score_concentration,0.442372936667,0.74,0.11333333333333333,0.6851851851851852,0.74,0.8866666666666667,0.26,development
logistic_authorized_candidate_count_reranked_count_top1_score_top2_score_top3_score_top1_top2_margin_top1_top3_margin_mean_top3_score_mean_top5_score_min_top5_score_max_top5_score_std_top5_score_distinct_source_count_top5_distinct_document_count_top5_duplicate_source_chunk_count_top5_source_score_concentration,0.452990177676,0.74,0.10666666666666667,0.6981132075471698,0.74,0.8933333333333333,0.26,development
logistic_authorized_candidate_count_reranked_count_top1_score_top2_score_top3_score_top1_top2_margin_top1_top3_margin_mean_top3_score_mean_top5_score_min_top5_score_max_top5_score_std_top5_score_distinct_source_count_top5_distinct_document_count_top5_duplicate_source_chunk_count_top5_source_score_concentration,0.505873795397,0.74,0.1,0.7115384615384616,0.74,0.9,0.26,development
logistic_authorized_candidate_count_reranked_count_top1_score_top2_score_top3_score_top1_top2_margin_top1_top3_margin_mean_top3_score_mean_top5_score_min_top5_score_max_top5_score_std_top5_score_distinct_source_count_top5_distinct_document_count_top5_duplicate_source_chunk_count_top5_source_score_concentration,0.510055698995,0.72,0.1,0.7058823529411765,0.72,0.9,0.28,development
logistic_authorized_candidate_count_reranked_count_top1_score_top2_score_top3_score_top1_top2_margin_top1_top3_margin_mean_top3_score_mean_top5_score_min_top5_score_max_top5_score_std_top5_score_distinct_source_count_top5_distinct_document_count_top5_duplicate_source_chunk_count_top5_source_score_concentration,0.521902251458,0.72,0.09333333333333334,0.72,0.72,0.9066666666666666,0.28,development
logistic_authorized_candidate_count_reranked_count_top1_score_top2_score_top3_score_top1_top2_margin_top1_top3_margin_mean_top3_score_mean_top5_score_min_top5_score_max_top5_score_std_top5_score_distinct_source_count_top5_distinct_document_count_top5_duplicate_source_chunk_count_top5_source_score_concentration,0.523846037789,0.72,0.08666666666666667,0.7346938775510204,0.72,0.9133333333333333,0.28,development
logistic_authorized_candidate_count_reranked_count_top1_score_top2_score_top3_score_top1_top2_margin_top1_top3_margin_mean_top3_score_mean_top5_score_min_top5_score_max_top5_score_std_top5_score_distinct_source_count_top5_distinct_document_count_top5_duplicate_source_chunk_count_top5_source_score_concentration,0.530085298953,0.7,0.08666666666666667,0.7291666666666666,0.7,0.9133333333333333,0.3,development
logistic_authorized_candidate_count_reranked_count_top1_score_top2_score_top3_score_top1_top2_margin_top1_top3_margin_mean_top3_score_mean_top5_score_min_top5_score_max_top5_score_std_top5_score_distinct_source_count_top5_distinct_document_count_top5_duplicate_source_chunk_count_top5_source_score_concentration,0.531525765162,0.7,0.08,0.7446808510638298,0.7,0.92,0.3,development
logistic_authorized_candidate_count_reranked_count_top1_score_top2_score_top3_score_top1_top2_margin_top1_top3_margin_mean_top3_score_mean_top5_score_min_top5_score_max_top5_score_std_top5_score_distinct_source_count_top5_distinct_document_count_top5_duplicate_source_chunk_count_top5_source_score_concentration,0.531927794643,0.7,0.07333333333333333,0.7608695652173914,0.7,0.9266666666666666,0.3,development
logistic_authorized_candidate_count_reranked_count_top1_score_top2_score_top3_score_top1_top2_margin_top1_top3_margin_mean_top3_score_mean_top5_score_min_top5_score_max_top5_score_std_top5_score_distinct_source_count_top5_distinct_document_count_top5_duplicate_source_chunk_count_top5_source_score_concentration,0.533320357903,0.7,0.06666666666666667,0.7777777777777778,0.7,0.9333333333333333,0.3,development
logistic_authorized_candidate_count_reranked_count_top1_score_top2_score_top3_score_top1_top2_margin_top1_top3_margin_mean_top3_score_mean_top5_score_min_top5_score_max_top5_score_std_top5_score_distinct_source_count_top5_distinct_document_count_top5_duplicate_source_chunk_count_top5_source_score_concentration,0.53628388497,0.68,0.06666666666666667,0.7727272727272727,0.68,0.9333333333333333,0.32,development
logistic_authorized_candidate_count_reranked_count_top1_score_top2_score_top3_score_top1_top2_margin_top1_top3_margin_mean_top3_score_mean_top5_score_min_top5_score_max_top5_score_std_top5_score_distinct_source_count_top5_distinct_document_count_top5_duplicate_source_chunk_count_top5_source_score_concentration,0.537494479717,0.68,0.06,0.7906976744186046,0.68,0.94,0.32,development
logistic_authorized_candidate_count_reranked_count_top1_score_top2_score_top3_score_top1_top2_margin_top1_top3_margin_mean_top3_score_mean_top5_score_min_top5_score_max_top5_score_std_top5_score_distinct_source_count_top5_distinct_document_count_top5_duplicate_source_chunk_count_top5_source_score_concentration,0.548587731126,0.66,0.06,0.7857142857142857,0.66,0.94,0.34,development
logistic_authorized_candidate_count_reranked_count_top1_score_top2_score_top3_score_top1_top2_margin_top1_top3_margin_mean_top3_score_mean_top5_score_min_top5_score_max_top5_score_std_top5_score_distinct_source_count_top5_distinct_document_count_top5_duplicate_source_chunk_count_top5_source_score_concentration,0.551730969084,0.64,0.06,0.7804878048780488,0.64,0.94,0.36,development
logistic_authorized_candidate_count_reranked_count_top1_score_top2_score_top3_score_top1_top2_margin_top1_top3_margin_mean_top3_score_mean_top5_score_min_top5_score_max_top5_score_std_top5_score_distinct_source_count_top5_distinct_document_count_top5_duplicate_source_chunk_count_top5_source_score_concentration,0.555475232939,0.62,0.06,0.775,0.62,0.94,0.38,development
logistic_authorized_candidate_count_reranked_count_top1_score_top2_score_top3_score_top1_top2_margin_top1_top3_margin_mean_top3_score_mean_top5_score_min_top5_score_max_top5_score_std_top5_score_distinct_source_count_top5_distinct_document_count_top5_duplicate_source_chunk_count_top5_source_score_concentration,0.569392372988,0.62,0.05333333333333334,0.7948717948717948,0.62,0.9466666666666667,0.38,development
logistic_authorized_candidate_count_reranked_count_top1_score_top2_score_top3_score_top1_top2_margin_top1_top3_margin_mean_top3_score_mean_top5_score_min_top5_score_max_top5_score_std_top5_score_distinct_source_count_top5_distinct_document_count_top5_duplicate_source_chunk_count_top5_source_score_concentration,0.593639054301,0.6,0.05333333333333334,0.7894736842105263,0.6,0.9466666666666667,0.4,development
logistic_authorized_candidate_count_reranked_count_top1_score_top2_score_top3_score_top1_top2_margin_top1_top3_margin_mean_top3_score_mean_top5_score_min_top5_score_max_top5_score_std_top5_score_distinct_source_count_top5_distinct_document_count_top5_duplicate_source_chunk_count_top5_source_score_concentration,0.599393828228,0.6,0.04666666666666667,0.8108108108108109,0.6,0.9533333333333334,0.4,development
logistic_authorized_candidate_count_reranked_count_top1_score_top2_score_top3_score_top1_top2_margin_top1_top3_margin_mean_top3_score_mean_top5_score_min_top5_score_max_top5_score_std_top5_score_distinct_source_count_top5_distinct_document_count_top5_duplicate_source_chunk_count_top5_source_score_concentration,0.603066542776,0.58,0.04666666666666667,0.8055555555555556,0.58,0.9533333333333334,0.42,development
logistic_authorized_candidate_count_reranked_count_top1_score_top2_score_top3_score_top1_top2_margin_top1_top3_margin_mean_top3_score_mean_top5_score_min_top5_score_max_top5_score_std_top5_score_distinct_source_count_top5_distinct_document_count_top5_duplicate_source_chunk_count_top5_source_score_concentration,0.610130441443,0.56,0.04666666666666667,0.8,0.56,0.9533333333333334,0.44,development
logistic_authorized_candidate_count_reranked_count_top1_score_top2_score_top3_score_top1_top2_margin_top1_top3_margin_mean_top3_score_mean_top5_score_min_top5_score_max_top5_score_std_top5_score_distinct_source_count_top5_distinct_document_count_top5_duplicate_source_chunk_count_top5_source_score_concentration,0.613170472187,0.54,0.04666666666666667,0.7941176470588235,0.54,0.9533333333333334,0.46,development
logistic_authorized_candidate_count_reranked_count_top1_score_top2_score_top3_score_top1_top2_margin_top1_top3_margin_mean_top3_score_mean_top5_score_min_top5_score_max_top5_score_std_top5_score_distinct_source_count_top5_distinct_document_count_top5_duplicate_source_chunk_count_top5_source_score_concentration,0.616071263133,0.52,0.04666666666666667,0.7878787878787878,0.52,0.9533333333333334,0.48,development
logistic_authorized_candidate_count_reranked_count_top1_score_top2_score_top3_score_top1_top2_margin_top1_top3_margin_mean_top3_score_mean_top5_score_min_top5_score_max_top5_score_std_top5_score_distinct_source_count_top5_distinct_document_count_top5_duplicate_source_chunk_count_top5_source_score_concentration,0.618997048161,0.5,0.04666666666666667,0.78125,0.5,0.9533333333333334,0.5,development
logistic_authorized_candidate_count_reranked_count_top1_score_top2_score_top3_score_top1_top2_margin_top1_top3_margin_mean_top3_score_mean_top5_score_min_top5_score_max_top5_score_std_top5_score_distinct_source_count_top5_distinct_document_count_top5_duplicate_source_chunk_count_top5_source_score_concentration,0.62561349264,0.48,0.04666666666666667,0.7741935483870968,0.48,0.9533333333333334,0.52,development
logistic_authorized_candidate_count_reranked_count_top1_score_top2_score_top3_score_top1_top2_margin_top1_top3_margin_mean_top3_score_mean_top5_score_min_top5_score_max_top5_score_std_top5_score_distinct_source_count_top5_distinct_document_count_top5_duplicate_source_chunk_count_top5_source_score_concentration,0.627612808393,0.46,0.04666666666666667,0.7666666666666667,0.46,0.9533333333333334,0.54,development
logistic_authorized_candidate_count_reranked_count_top1_score_top2_score_top3_score_top1_top2_margin_top1_top3_margin_mean_top3_score_mean_top5_score_min_top5_score_max_top5_score_std_top5_score_distinct_source_count_top5_distinct_document_count_top5_duplicate_source_chunk_count_top5_source_score_concentration,0.637938765329,0.44,0.04666666666666667,0.7586206896551724,0.44,0.9533333333333334,0.56,development
logistic_authorized_candidate_count_reranked_count_top1_score_top2_score_top3_score_top1_top2_margin_top1_top3_margin_mean_top3_score_mean_top5_score_min_top5_score_max_top5_score_std_top5_score_distinct_source_count_top5_distinct_document_count_top5_duplicate_source_chunk_count_top5_source_score_concentration,0.643947504015,0.44,0.04,0.7857142857142857,0.44,0.96,0.56,development
logistic_authorized_candidate_count_reranked_count_top1_score_top2_score_top3_score_top1_top2_margin_top1_top3_margin_mean_top3_score_mean_top5_score_min_top5_score_max_top5_score_std_top5_score_distinct_source_count_top5_distinct_document_count_top5_duplicate_source_chunk_count_top5_source_score_concentration,0.648235548092,0.42,0.04,0.7777777777777778,0.42,0.96,0.58,development
logistic_authorized_candidate_count_reranked_count_top1_score_top2_score_top3_score_top1_top2_margin_top1_top3_margin_mean_top3_score_mean_top5_score_min_top5_score_max_top5_score_std_top5_score_distinct_source_count_top5_distinct_document_count_top5_duplicate_source_chunk_count_top5_source_score_concentration,0.650687571505,0.4,0.04,0.7692307692307693,0.4,0.96,0.6,development
logistic_authorized_candidate_count_reranked_count_top1_score_top2_score_top3_score_top1_top2_margin_top1_top3_margin_mean_top3_score_mean_top5_score_min_top5_score_max_top5_score_std_top5_score_distinct_source_count_top5_distinct_document_count_top5_duplicate_source_chunk_count_top5_source_score_concentration,0.651135878982,0.38,0.04,0.76,0.38,0.96,0.62,development
logistic_authorized_candidate_count_reranked_count_top1_score_top2_score_top3_score_top1_top2_margin_top1_top3_margin_mean_top3_score_mean_top5_score_min_top5_score_max_top5_score_std_top5_score_distinct_source_count_top5_distinct_document_count_top5_duplicate_source_chunk_count_top5_source_score_concentration,0.655635262116,0.38,0.03333333333333333,0.7916666666666666,0.38,0.9666666666666667,0.62,development
logistic_authorized_candidate_count_reranked_count_top1_score_top2_score_top3_score_top1_top2_margin_top1_top3_margin_mean_top3_score_mean_top5_score_min_top5_score_max_top5_score_std_top5_score_distinct_source_count_top5_distinct_document_count_top5_duplicate_source_chunk_count_top5_source_score_concentration,0.660000236174,0.38,0.02666666666666667,0.8260869565217391,0.38,0.9733333333333334,0.62,development
logistic_authorized_candidate_count_reranked_count_top1_score_top2_score_top3_score_top1_top2_margin_top1_top3_margin_mean_top3_score_mean_top5_score_min_top5_score_max_top5_score_std_top5_score_distinct_source_count_top5_distinct_document_count_top5_duplicate_source_chunk_count_top5_source_score_concentration,0.665718449591,0.36,0.02666666666666667,0.8181818181818182,0.36,0.9733333333333334,0.64,development
logistic_authorized_candidate_count_reranked_count_top1_score_top2_score_top3_score_top1_top2_margin_top1_top3_margin_mean_top3_score_mean_top5_score_min_top5_score_max_top5_score_std_top5_score_distinct_source_count_top5_distinct_document_count_top5_duplicate_source_chunk_count_top5_source_score_concentration,0.677630174689,0.36,0.02,0.8571428571428571,0.36,0.98,0.64,development
logistic_authorized_candidate_count_reranked_count_top1_score_top2_score_top3_score_top1_top2_margin_top1_top3_margin_mean_top3_score_mean_top5_score_min_top5_score_max_top5_score_std_top5_score_distinct_source_count_top5_distinct_document_count_top5_duplicate_source_chunk_count_top5_source_score_concentration,0.679174212728,0.36,0.013333333333333334,0.9,0.36,0.9866666666666667,0.64,development
logistic_authorized_candidate_count_reranked_count_top1_score_top2_score_top3_score_top1_top2_margin_top1_top3_margin_mean_top3_score_mean_top5_score_min_top5_score_max_top5_score_std_top5_score_distinct_source_count_top5_distinct_document_count_top5_duplicate_source_chunk_count_top5_source_score_concentration,0.688003375393,0.34,0.013333333333333334,0.8947368421052632,0.34,0.9866666666666667,0.66,development
logistic_authorized_candidate_count_reranked_count_top1_score_top2_score_top3_score_top1_top2_margin_top1_top3_margin_mean_top3_score_mean_top5_score_min_top5_score_max_top5_score_std_top5_score_distinct_source_count_top5_distinct_document_count_top5_duplicate_source_chunk_count_top5_source_score_concentration,0.689549320297,0.32,0.013333333333333334,0.8888888888888888,0.32,0.9866666666666667,0.68,development
logistic_authorized_candidate_count_reranked_count_top1_score_top2_score_top3_score_top1_top2_margin_top1_top3_margin_mean_top3_score_mean_top5_score_min_top5_score_max_top5_score_std_top5_score_distinct_source_count_top5_distinct_document_count_top5_duplicate_source_chunk_count_top5_source_score_concentration,0.699572892334,0.3,0.013333333333333334,0.8823529411764706,0.3,0.9866666666666667,0.7,development
logistic_authorized_candidate_count_reranked_count_top1_score_top2_score_top3_score_top1_top2_margin_top1_top3_margin_mean_top3_score_mean_top5_score_min_top5_score_max_top5_score_std_top5_score_distinct_source_count_top5_distinct_document_count_top5_duplicate_source_chunk_count_top5_source_score_concentration,0.700860128946,0.28,0.013333333333333334,0.875,0.28,0.9866666666666667,0.72,development
logistic_authorized_candidate_count_reranked_count_top1_score_top2_score_top3_score_top1_top2_margin_top1_top3_margin_mean_top3_score_mean_top5_score_min_top5_score_max_top5_score_std_top5_score_distinct_source_count_top5_distinct_document_count_top5_duplicate_source_chunk_count_top5_source_score_concentration,0.703058186761,0.26,0.013333333333333334,0.8666666666666667,0.26,0.9866666666666667,0.74,development
logistic_authorized_candidate_count_reranked_count_top1_score_top2_score_top3_score_top1_top2_margin_top1_top3_margin_mean_top3_score_mean_top5_score_min_top5_score_max_top5_score_std_top5_score_distinct_source_count_top5_distinct_document_count_top5_duplicate_source_chunk_count_top5_source_score_concentration,0.708221062124,0.24,0.013333333333333334,0.8571428571428571,0.24,0.9866666666666667,0.76,development
logistic_authorized_candidate_count_reranked_count_top1_score_top2_score_top3_score_top1_top2_margin_top1_top3_margin_mean_top3_score_mean_top5_score_min_top5_score_max_top5_score_std_top5_score_distinct_source_count_top5_distinct_document_count_top5_duplicate_source_chunk_count_top5_source_score_concentration,0.709035025875,0.24,0.006666666666666667,0.9230769230769231,0.24,0.9933333333333333,0.76,development
logistic_authorized_candidate_count_reranked_count_top1_score_top2_score_top3_score_top1_top2_margin_top1_top3_margin_mean_top3_score_mean_top5_score_min_top5_score_max_top5_score_std_top5_score_distinct_source_count_top5_distinct_document_count_top5_duplicate_source_chunk_count_top5_source_score_concentration,0.716787875731,0.22,0.006666666666666667,0.9166666666666666,0.22,0.9933333333333333,0.78,development
logistic_authorized_candidate_count_reranked_count_top1_score_top2_score_top3_score_top1_top2_margin_top1_top3_margin_mean_top3_score_mean_top5_score_min_top5_score_max_top5_score_std_top5_score_distinct_source_count_top5_distinct_document_count_top5_duplicate_source_chunk_count_top5_source_score_concentration,0.718090645696,0.22,0.0,1.0,0.22,1.0,0.78,development
logistic_authorized_candidate_count_reranked_count_top1_score_top2_score_top3_score_top1_top2_margin_top1_top3_margin_mean_top3_score_mean_top5_score_min_top5_score_max_top5_score_std_top5_score_distinct_source_count_top5_distinct_document_count_top5_duplicate_source_chunk_count_top5_source_score_concentration,0.737833229644,0.2,0.0,1.0,0.2,1.0,0.8,development
logistic_authorized_candidate_count_reranked_count_top1_score_top2_score_top3_score_top1_top2_margin_top1_top3_margin_mean_top3_score_mean_top5_score_min_top5_score_max_top5_score_std_top5_score_distinct_source_count_top5_distinct_document_count_top5_duplicate_source_chunk_count_top5_source_score_concentration,0.747642266324,0.18,0.0,1.0,0.18,1.0,0.82,development
logistic_authorized_candidate_count_reranked_count_top1_score_top2_score_top3_score_top1_top2_margin_top1_top3_margin_mean_top3_score_mean_top5_score_min_top5_score_max_top5_score_std_top5_score_distinct_source_count_top5_distinct_document_count_top5_duplicate_source_chunk_count_top5_source_score_concentration,0.74907956462,0.16,0.0,1.0,0.16,1.0,0.84,development
logistic_authorized_candidate_count_reranked_count_top1_score_top2_score_top3_score_top1_top2_margin_top1_top3_margin_mean_top3_score_mean_top5_score_min_top5_score_max_top5_score_std_top5_score_distinct_source_count_top5_distinct_document_count_top5_duplicate_source_chunk_count_top5_source_score_concentration,0.769477194041,0.14,0.0,1.0,0.14,1.0,0.86,development
logistic_authorized_candidate_count_reranked_count_top1_score_top2_score_top3_score_top1_top2_margin_top1_top3_margin_mean_top3_score_mean_top5_score_min_top5_score_max_top5_score_std_top5_score_distinct_source_count_top5_distinct_document_count_top5_duplicate_source_chunk_count_top5_source_score_concentration,0.78045508385,0.12,0.0,1.0,0.12,1.0,0.88,development
logistic_authorized_candidate_count_reranked_count_top1_score_top2_score_top3_score_top1_top2_margin_top1_top3_margin_mean_top3_score_mean_top5_score_min_top5_score_max_top5_score_std_top5_score_distinct_source_count_top5_distinct_document_count_top5_duplicate_source_chunk_count_top5_source_score_concentration,0.794041503271,0.1,0.0,1.0,0.1,1.0,0.9,development
logistic_authorized_candidate_count_reranked_count_top1_score_top2_score_top3_score_top1_top2_margin_top1_top3_margin_mean_top3_score_mean_top5_score_min_top5_score_max_top5_score_std_top5_score_distinct_source_count_top5_distinct_document_count_top5_duplicate_source_chunk_count_top5_source_score_concentration,0.796514949877,0.08,0.0,1.0,0.08,1.0,0.92,development
logistic_authorized_candidate_count_reranked_count_top1_score_top2_score_top3_score_top1_top2_margin_top1_top3_margin_mean_top3_score_mean_top5_score_min_top5_score_max_top5_score_std_top5_score_distinct_source_count_top5_distinct_document_count_top5_duplicate_source_chunk_count_top5_source_score_concentration,0.802812194808,0.06,0.0,1.0,0.06,1.0,0.94,development
logistic_authorized_candidate_count_reranked_count_top1_score_top2_score_top3_score_top1_top2_margin_top1_top3_margin_mean_top3_score_mean_top5_score_min_top5_score_max_top5_score_std_top5_score_distinct_source_count_top5_distinct_document_count_top5_duplicate_source_chunk_count_top5_source_score_concentration,0.818076988281,0.04,0.0,1.0,0.04,1.0,0.96,development
logistic_authorized_candidate_count_reranked_count_top1_score_top2_score_top3_score_top1_top2_margin_top1_top3_margin_mean_top3_score_mean_top5_score_min_top5_score_max_top5_score_std_top5_score_distinct_source_count_top5_distinct_document_count_top5_duplicate_source_chunk_count_top5_source_score_concentration,0.83749076051,0.02,0.0,1.0,0.02,1.0,0.98,development
logistic_authorized_candidate_count_reranked_count_top1_score_top2_score_top3_score_top1_top2_margin_top1_top3_margin_mean_top3_score_mean_top5_score_min_top5_score_max_top5_score_std_top5_score_distinct_source_count_top5_distinct_document_count_top5_duplicate_source_chunk_count_top5_source_score_concentration,0.83749076051,0.0,0.0,0.0,0.0,1.0,1.0,development
